GASS,SFR_best,SFRerr_best,SFRcase_best
108114,0.001451586,0,9
114110,0.4857954,0,9
12293,0.9565244,0.2728849,1
4111,1.444633,0.2795549,1
53269,0.05820971,0.09246878,2
4119,0.0787196,0.1790406,2
12318,0.1562257,0.1443329,2
28703,0.2704362,0.1273805,1
4130,0.06375846,0.1670318,2
4132,4.234329,0.3319075,1
4134,2.614603,0.3643378,1
4136,0.04618281,0.1208663,2
4137,0.1884515,0,9
4145,12.0731,0.3791388,1
4163,0.6593295,0.1732375,1
4165,0.03568027,0.1195154,2
12371,2.289102,0.3372114,1
12372,0.005491294,0,9
4195,0.2478043,0,9
19132,0.03455106,0,9
4203,0.3623366,0.1833181,1
4223,0.04930855,0.08085541,2
4230,0.5662812,0.2048308,1
4233,0.0130411,0,9
28810,0.6732296,0.257703,1
32907,0.859467,0.2309995,1
4239,0.0512966,0.1002812,2
8347,0.171644,0.1986785,2
8349,0.8818358,0.1957977,1
24736,3.641324,0.2910533,1
12452,0.540392,0.1666925,1
24741,4.410426,0.390946,1
12455,0.1279703,0.2178297,2
32937,1.201064,0.1893389,1
12458,0.07892143,0.1752927,2
12460,0.3453206,0.2069064,1
24757,1.473485,0.2031004,2
11636,0.1300193,0.1228456,2
45254,0.3781638,0,9
28875,0.2292284,0.1227668,1
32993,2.795194,0.3581028,1
23194,4.987595,0,9
49386,0.1773685,0.1197706,2
12533,3.919436,0.2637246,1
33019,0.2040986,0,9
33039,5.851932,0,9
49433,0.6177012,0.2778627,1
48518,0.3189021,0.1752636,1
41254,1.511636,0.2548458,1
12597,0.0536633,0,9
20790,7.749495,0,9
10292,0.05168232,0,9
3439,0.5195145,0.1593961,2
41303,0.04830358,0,9
57697,2.216255,0.3064948,1
41323,0.118332,0.2047648,2
16753,1.495767,0.2601547,1
9619,0.6216781,0.1386414,2
16756,0.0130138,0,9
45439,0.1010274,0,9
24973,12.44031,0.3620104,1
17135,18.33313,0,9
29090,0.2493568,0,9
28062,0.4358483,0.188528,1
111031,0.02216763,0,9
8634,0.0714048,0,9
33214,0.03473657,0.07343685,2
25057,0.01506584,0.07555623,2
41444,0.1735642,0,9
41482,0.16979,0,9
29205,1.716422,0.2422285,1
25115,0.08325668,0,9
21023,0.01793301,0.06302316,2
3504,0.7387744,0.1076045,1
29225,0.03020496,0.07525064,2
45613,7.555412,0.357882,1
17843,3.236215,0.4162458,1
21049,1.041895,0.2069586,1
19932,2.109815,0.2762651,1
49727,0.3074588,0.129624,2
25154,0.093486,0.1746121,2
25167,0.2399805,0.1457861,2
25202,0.1017625,0.1544286,2
3519,3.013747,0,9
25213,0.3404679,0.1497446,2
25214,0.192362,0.1639613,1
25215,2.63207,0.3146358,1
40393,4.51393,0.3514227,1
28779,0.947023,0.1747422,1
17029,1.92261,0.3621939,1
12940,1.088574,0,9
23320,1.129726,0.176977,1
25236,0.04393798,0.09413234,2
41621,0.07334337,0.1077138,2
12966,0.4392174,0,9
12967,0.05795468,0,9
12970,0.303495,0,9
30847,0.01885511,0.05383163,2
12983,0.46955,0,9
29371,0.2085018,0,9
33469,0.3778903,0.1783531,1
13005,7.841835,0.4077154,1
25296,3.423609,0.2943019,1
4216,9.646168,0.3622242,1
8914,1.476452,0.2148838,1
19918,1.806024,0.3019838,1
41699,5.02011,0.2741907,1
41703,0.4750785,0.1642294,1
29420,0.3503639,0.202273,1
13037,0.1710864,0,9
25327,24.90687,0.5379308,1
8945,3.802078,0.3163716,1
41718,0.02790791,0.06501616,2
8953,0.2267767,0.1653046,2
41723,0.1322659,0,9
41728,4.108576,0,9
25347,0.09387036,0.170165,2
7561,0.2951049,0,9
8971,0.1103755,0.1052557,2
41743,0.8341441,0.2828937,1
13074,4.554131,0.4169174,1
11055,1.067865,0,9
8989,1.399856,0.2451198,1
13091,0.1536004,0.2361782,2
30854,0.2948942,0,9
29487,0.5526155,0.1887898,2
4914,0.02004755,0,9
29624,1.088911,0.2225498,1
41783,0.9838756,0.2473251,1
9695,0.02381411,0.05567189,2
29505,1.372808,0.245382,1
29510,0.6280482,0,9
8335,2.424176,0.3056579,1
11349,1.073575,0,9
29536,1.895205,0,9
13156,0.2657357,0.07847363,1
9702,0.1444784,0,9
13158,5.87321,0.3257852,1
13159,1.214664,0.2549934,1
25448,1.845778,0.3613576,1
29555,0.1075081,0.128479,2
45940,0.02048116,0.1063321,2
9085,2.203062,0.3280013,1
25475,-99,0,0
41793,0.9131212,0.2334408,1
41869,1.510185,0,9
9114,2.488922,0,9
29596,0.1128742,0.1337245,2
30192,0.0254926,0,9
54187,5.492727,0.3537758,1
41904,29.56438,0.579693,1
947,5.38514,0,9
25528,0.9320072,0.2532266,1
41924,3.911954,0.3179823,1
3851,0.02820813,0.0659705,2
33737,1.327809,0.2412792,1
52045,1.95829,0.3312577,1
54233,0.3749866,0.2259608,2
46586,0.890381,0.273953,1
54240,0.1846782,0,9
25572,0.05050736,0.1034287,2
25575,0.9898098,0.2439634,1
33777,0.08136694,0,9
41970,3.74695,0.304066,1
46068,0.1487841,0.180379,1
41974,0.08124621,0.1259504,2
29699,0.1958693,0.1110061,1
32257,3.754483,0.2810505,1
42011,0.007696224,0,9
42013,4.964727,0.2737259,1
42015,1.489418,0.2360378,1
42017,0.03757269,0.1025151,2
42020,0.05180178,0,9
42025,0.6362486,0.2048276,1
9266,0.7489488,0,9
9280,0.9491794,0.2046405,1
11573,0.9056412,0.2642847,1
9287,8.895309,0.3497604,1
25682,0.04142274,0.1011968,2
5204,0.2249805,0.1016208,1
9301,1.309704,0,9
1115,5.774792,0,9
9317,1.378142,0,9
25721,0.67076,0.1979175,1
10813,0.01660781,0.1141644,2
9343,0.4182498,0.191563,1
38018,0.4832917,0.2008967,1
22038,0.7541172,0,9
29842,2.342395,0,9
25752,2.347254,0.292638,1
42140,0.06519577,0.1369393,2
42141,1.220691,0.1765694,2
23408,0.1112777,0.1599852,2
25763,1.649813,0,9
9384,0.8135909,0,9
42156,0.03431262,0,9
29871,1.534426,0.2472588,1
42167,0.03541552,0.06302588,2
29883,6.963345,0,9
42174,0.01822547,0.04068898,2
29887,0.9716787,0.2692102,1
29892,1.119364,0.274135,1
1221,6.841291,0.2929007,1
13512,0.4780194,0.2007188,1
29898,0.01327472,0,9
42191,1.206426,0.1926574,1
17622,0.1749647,0.167343,2
39119,0.6911327,0,9
17635,0.3640359,0.1886635,1
50404,0.06682744,0.09070209,2
50406,1.99132,0.1914813,1
17640,0.2325075,0.1649316,1
13549,0.1518268,0.06139173,1
13551,0.08257741,0.09826649,2
25844,0.01776696,0.05611266,2
9463,0.8722835,0,9
42233,0.5230067,0.1678847,1
17659,0.1117853,0.1571682,2
25852,1.006412,0.271923,2
17673,0.07515602,0,9
9483,2.233569,0.2456378,1
17684,0.3518689,0.2220403,1
17691,1.811517,0.2481008,1
9507,0.1631026,0.159599,2
9514,0.2120441,0.1459227,1
41863,1.42204,0,9
42287,1.355616,0.2392091,1
54577,0.1038958,0.1938224,2
13618,0.6855707,0.208949,1
38198,-99,0.1631726,6
13624,2.72844,0,9
40500,0.1642837,0,9
7050,0.2831635,0,9
5442,3.606745,0.3424613,1
9551,1.890125,0,9
21842,0.1169825,0.1239367,2
13666,12.29645,0.3749845,1
9572,1.275728,0,9
13674,0.9730453,0.1810369,1
38255,5.740214,0.3136432,1
9585,0.6249137,0.1857936,1
38462,0.709264,0.1499576,1
50550,1.633374,0.2749238,1
9601,0.08998261,0,9
9607,0.0182545,0,9
9615,0.0365816,0,9
29594,0.04294013,0,9
17824,0.4199948,0.1828147,1
26017,1.387462,0,9
42402,1.296337,0.3397788,1
17840,0.10071,0.05126212,1
23781,0.1910603,0,9
26056,1.727023,0,9
17865,1.21665,0.2649932,1
30175,0.1360797,0.1103092,2
46564,0.1557727,0.155935,1
9704,0.3725258,0.1768406,1
38391,0.5847831,0.2460222,1
18004,0.3251729,0,9
5035,1.104051,0.2813917,1
46678,0.9415318,0.2600752,1
38409,2.016092,0.3130968,1
9815,4.163478,0,9
26151,6.854165,0,9
9776,0.1505786,0,9
38458,0.009058916,0,9
24740,0.4361216,0.2321485,1
5701,0.5647008,0.247928,1
38472,0.07015062,0,9
108106,7.617719,0.2942952,1
13240,1.416919,0.2181288,1
9814,0.5362765,0.1631525,1
26221,3.705507,0.3083618,1
30332,8.435694,0.3550435,1
38529,0.3854516,0.21287,1
30338,0.5158821,0.240555,1
9863,0.1538636,0,9
38538,1.181468,0.2651674,1
28462,0.05486457,0.1213531,2
38546,1.007703,0.2107752,1
10831,0.2411105,0.1669617,1
9891,0.3355978,0,9
18084,0.4194526,0.2087821,1
18087,0.1229865,0.1773697,2
50856,0.5858475,0.1896945,1
9604,3.516479,0.2374242,1
50866,0.0405003,0,9
38583,2.526005,0.2459358,1
9917,0.06974776,0,9
38591,0.02642558,0.08040539,2
30401,0.762841,0,9
26311,1.340451,0.3571699,1
54986,0.06344943,0.1775725,2
26319,0.06412145,0,9
26320,0.1379604,0,9
9938,0.5095319,0,9
18131,0.02817465,0,9
9942,0.193491,0,9
5848,0.7214019,0.2342968,1
18138,0.3221317,0.1889957,1
9948,0.4049923,0,9
26336,0.1229234,0.1639451,2
34531,0.1489291,0.1951846,2
30439,7.105267,0.3752186,1
5872,0.1299895,0.0795688,2
26368,1.775407,0.2613901,1
30471,0.06884759,0.1063685,2
18185,0.06652751,0.1549157,2
30479,0.04113497,0.0774693,2
10005,0.5710503,0.1762837,1
18202,0.02507994,0.04308388,2
10012,0.06826766,0.09666103,2
10019,1.035179,0,9
26406,0.4318536,0.2037789,2
26407,2.098614,0.3941494,1
18220,0.2595611,0.1558918,2
38703,1.576144,0.2422644,1
10032,0.8200938,0.3077616,1
18225,0.1568598,0,9
38706,8.101201,0,9
10040,0.3920434,0.1517285,1
38716,0.8809797,0.2637172,1
38717,4.599515,0.2823475,1
38718,0.4159582,0.1724706,1
38721,5.406163,0.341468,1
30532,1.350638,0.2546996,1
38728,0.04804474,0,9
38729,0.4056269,0,9
10058,0.1304418,0.08930547,1
16695,0.3510574,0.1821094,1
38732,0.1127542,0.1578672,2
51025,0.4372947,0.1997289,2
38748,0.04286061,0.1259773,2
38751,1.03771,0,9
38752,0.830596,0.1712184,1
38758,0.1757473,0,9
18279,1.260954,0.2894831,1
26487,1.234963,0.2513018,1
6015,0.3033118,0,9
26503,0.030579,0.1072036,2
9748,0.04638829,0.1136572,2
11112,2.887028,0.2456404,1
10132,0.1344678,0,9
51094,1.423266,0.2589701,1
38809,2.926521,0,9
18335,0.07075076,0.1397904,2
10145,1.071819,0,9
16841,1.127856,0.2140073,1
34723,0.03991625,0.07491856,2
22436,34.45347,0.638993,1
10150,0.6277384,0.1861841,1
14247,0.6865264,0.2274569,2
14260,0.08337651,0.2012213,2
1977,1.323177,0,9
26569,0.1600036,0.1526641,2
26570,0.5832172,0.2397951,1
51150,1.675841,0.2228085,1
30675,0.776715,0.164301,1
51161,1.507037,0.2470331,1
26586,0.04321079,0.07209625,2
10211,1.281536,0.2695043,1
26598,1.544792,0.2635853,1
26602,0.06919419,0.07495713,2
23227,1.021065,0.1961694,1
18421,1.849094,0.3239767,1
51190,4.39016,0.3254436,1
38909,0.9164007,0,9
26629,0.4251978,0,9
38923,4.13816,0,9
26639,0.07179943,0,9
26640,0.1831787,0,9
38935,0.588966,0.1869486,1
10264,3.565239,0.3088653,1
30746,0.01816654,0.05147971,2
18469,1.004713,0.2164566,1
18482,0.0641119,0,9
38964,0.2492707,0,9
10297,0.116303,0.1539123,2
38974,0.03704443,0,9
54763,0.1420183,0.238214,2
51276,2.4909,0.2483658,1
30811,0.602537,0.2489326,1
39014,0.6061206,0,9
47221,0.8259165,0.1967485,1
10358,0.3392473,0.1628334,1
10367,0.5383384,0,9
51563,0.7766668,0.2169789,1
51334,0.8034244,0.2190488,1
14017,0.2523656,0,9
51336,0.6137159,0.2308409,1
18576,0.2707793,0.1206872,2
18581,5.179422,0,9
51351,2.140823,0,9
10404,0.1186095,0,9
39082,0.5743744,0,9
34989,1.639315,0.3156274,1
31775,11.92758,0,9
51390,0.9103993,0,9
26822,2.798595,0.3031149,1
10447,0.1581073,0.1537818,2
39120,0.2319714,0.1468022,1
26535,1.523578,0.2754174,1
51416,0.12819,0.2486071,2
6375,8.831408,0.4260927,1
18673,3.399059,0.2792817,1
55541,4.683914,0.3711892,1
18681,0.4674298,0.1605077,2
18686,1.903126,0,9
51462,0.09761198,0,9
18702,0.6588257,0.2152761,1
18707,1.358277,0.2526032,1
26911,-99,0.1615825,6
16655,0.7629606,0.2469405,1
22822,3.224518,0.2410609,1
39211,0.1142099,0.1549592,2
47405,7.570905,0.3639643,1
26936,0.09354725,0.103489,2
18755,0.1201814,0.2039192,2
26958,20.62482,0.5178845,1
18830,0.1788851,0,9
26980,0.4990605,0.1836803,2
39270,1.430181,0.2279214,1
6506,7.043593,0.4664914,1
18798,0.7210772,0,9
31095,0.8833181,0.1633909,1
14712,4.24928,0.2975857,1
51580,0.09820938,0.1170287,2
3819,10.74575,0.3707327,1
14727,0.570791,0,9
39311,0.9950718,0.2418799,1
31131,0.1149763,0,9
6565,0.5409576,0.1124968,1
47530,2.232647,0.4007508,1
18862,1.537427,0.3230496,1
31156,0.03472394,0.1036408,2
6583,0.2310833,0,9
18872,0.09642378,0.1942396,2
18875,0.4110589,0,9
18877,0.7241989,0,9
14784,1.36403,0.2523242,1
55745,3.805846,0,9
18887,0.6664932,0.2266728,1
39374,6.315332,0.3383898,1
39378,11.45022,0.3718271,1
18900,0.1625925,0.1763424,2
22999,4.616824,0.3795722,1
23026,1.370742,0.2407545,1
23039,0.07044709,0.1425467,2
14863,0.3186889,0.2168596,1
6679,4.837189,0.3549689,1
39448,0.0604983,0,9
16815,0.09512012,0.1368011,2
23069,0.04214819,0,9
23070,4.770911,0.4087622,1
27167,0.158838,0.1290007,2
39465,0.03840918,0.06578185,2
39467,0.06878787,0.1103149,2
39346,5.4464,0.2683066,1
23088,1.292281,0,9
39475,1.482668,0,9
109112,1.630865,0.1499222,1
47677,0.1645533,0.1983397,2
23102,2.068352,0.3147538,1
27204,1.909708,0,9
27207,2.627336,0.2950439,1
23114,2.084571,0.2746013,1
10827,0.0398832,0,9
25698,1.91363,0,9
23120,0.8449788,0,9
27219,0.9029486,0.2245505,1
10836,0.03800051,0,9
42084,3.362509,0.3149248,1
10844,0.02104144,0,9
6749,1.091466,0,9
14943,0.1602695,0.1893383,2
10850,0.3504343,0.2264706,1
10856,0.03623086,0.1290668,2
39532,0.01696499,0,9
35437,2.265399,0.1791179,2
10863,0.1216415,0.117106,2
27250,2.374358,0.2756363,1
10872,0.07751869,0,9
27260,3.658535,0.3126709,1
10879,0.06779338,0,9
10884,0.07469137,0.08629232,1
10885,1.598385,0.1897335,1
10889,0.1321591,0,9
10890,0.08532909,0,9
39567,1.115893,0.1906216,1
10896,0.03307385,0,9
35475,0.01682594,0.06622018,2
10010,0.6373532,0,9
23203,0.1382032,0,9
1137,3.611659,0.2674464,1
35497,0.1156558,0.1014897,2
39595,3.184215,0.3429017,1
23213,0.5174453,0,9
39600,0.04300649,0,9
39605,0.01924477,0,9
39606,0.05592176,0.1314178,2
39607,0.07510335,0.1530196,2
51899,0.5000057,0,9
23228,0.06075605,0.1140768,2
10942,0.01385194,0,9
10943,0.3556125,0.1830183,1
10944,0.02023047,0.04233601,2
10948,0.1328236,0.1235088,1
10949,0.09232552,0,9
10950,0.023691,0,9
10952,0.0855878,0.1068007,1
10953,0.1008005,0.05522942,1
23245,0.9002239,0.1959522,1
47825,0.06533023,0.160834,2
10979,0.1819694,0.1432537,2
10985,1.296212,0,9
10990,0.571496,0,9
31478,0.03552323,0.08438541,2
19191,0.8200658,0.2806934,1
31188,3.076564,0.3769769,1
11003,1.218264,0.2322953,1
46855,1.166386,0,9
23302,0.3532521,0.1855175,1
11015,0.05689637,0.1071835,2
11016,0.1583724,0,9
30508,0.0949527,0.1459597,2
11019,0.3287121,0.185808,1
23315,0.21616,0.1406455,2
44846,0.6677119,0.219354,1
47896,1.982486,0.2872363,1
10031,0.05356114,0.09578594,2
23685,2.464687,0,9
11041,0.008680554,0,9
15151,1.404981,0.2327029,1
3505,0.2512038,0,9
15155,3.731082,0.2494075,1
15165,0.4583082,0.2085922,1
15166,1.251153,0.253443,1
11071,0.7192383,0.1789078,1
35649,3.765189,0.3615085,1
11080,0.4751251,0,9
19274,1.790092,0.3040305,2
35659,0.2170306,0.213291,2
15181,1.476186,0.3563709,1
11086,0.2533225,0.07192018,1
11087,0.4666831,0.2441079,1
32568,5.281404,0.3199071,1
23381,2.121168,0.2592608,1
11408,1.199179,0.2113747,1
41969,4.458437,0.2598117,1
31592,14.41267,0.4859911,1
15211,1.201401,0.222737,1
11410,0.04120309,0.07259016,2
11120,2.521766,0.2186767,1
7025,4.364819,0.2906651,1
11126,0.5860609,0.221684,2
7031,0.05898019,0,9
23419,4.03116,0.3004889,1
11132,0.03194129,0.1340467,2
15242,0.1274376,0.1482687,2
23437,0.06418768,0.1151532,2
23441,0.3682603,0,9
7058,2.712941,0.2231414,1
23445,0.3306128,0,9
15257,0.03625106,0,9
23450,0.1162288,0.1715454,2
14831,1.164731,0.3356108,1
23453,1.908982,0.176897,6
23457,0.3238305,0,9
20149,1.478904,0.3830281,1
11192,0.1329937,0,9
11193,2.774685,0.3264589,1
43963,0.9235113,0.2323911,1
23496,1.720484,0,9
40781,2.17787,0.3133593,1
7121,0.3936822,0,9
23715,2.227462,0.3237716,1
11223,4.643891,0.3033215,1
23518,0.03741373,0,9
11231,0.8139815,0.2353073,1
20305,0.3437442,0.2077719,1
23531,0.04850885,0.1097548,2
56304,1.4949,0.1807452,1
11249,0.1977642,0,9
11250,1.479783,0.2789275,1
23539,0.02161082,0,9
11013,0.9773749,0,9
44021,0.3525899,0,9
56312,1.161067,0.2234184,1
11257,0.314319,0,9
56319,0.4716678,0.2177275,2
56320,0.00640743,0,9
11267,1.109049,0.2478281,1
11268,1.148748,0.3352183,1
11270,0.9697607,0.2328505,1
23559,4.997027,0.3500673,1
23563,0.2915713,0.1985397,1
11280,0.08419184,0.1648945,2
23569,1.013325,0.2634038,1
11284,1.018747,0.2297332,1
11285,1.190495,0.254699,1
23577,11.70905,0.4353314,1
11291,0.5234559,0.2006422,1
11292,0.191661,0.1473096,2
11295,0.5555404,0,9
48160,0.6510711,0.2836996,1
11297,0.05648398,0.08358697,2
11298,0.3478903,0.2060251,1
11303,0.3870228,0,9
11311,0.53429,0,9
11312,0.06600326,0.1167925,2
11697,0.3024952,0,9
11314,0.6339231,0,9
56375,1.279327,0,9
522,2.525258,0.2027761,1
40007,2.498516,0.3165131,1
52297,0.1331291,0.08378422,2
11340,3.84441,0.2806015,1
48205,0.1101354,0,9
40014,0.6483144,0.212778,2
3151,0.09271266,0,9
48208,3.232841,0.248457,1
11347,0.04990037,0.1748158,2
3157,0.05655907,0,9
15446,1.396286,0.2457894,1
40024,0.1627192,0.1927819,2
3163,2.605584,0.33891,1
11357,0.06136455,0.1021775,2
11366,0.1425651,0.1411748,2
56430,1.366048,0.3318201,1
56509,0.03380124,0.07035414,2
3189,2.366237,0,9
7286,1.42632,0,9
11383,1.122597,0,9
8724,1.358122,0.2296744,1
11386,0.1605534,0.1606524,2
42175,0.06877232,0.1121674,2
15485,0.0404411,0,9
11395,0.2236686,0.1690979,1
11397,0.1307322,0,9
35981,1.241613,0,9
7310,0.04314035,0.07174257,2
23697,32.6177,0.6253146,1
122006,0.4012162,0.1053269,1
23703,0.1324666,0,9
3233,2.70447,0.3065833,1
56486,0.1601212,0.1276051,2
11434,1.58834,0.2880255,1
11435,0.6977143,0,9
11437,0.4498013,0.1924354,1
40114,3.707175,0.3349768,1
11444,0.7785668,0.2184698,2
24436,2.76076,0.3671446,1
3258,0.2283408,0.1542481,2
23739,0.1202467,0.1740578,2
3261,1.493832,0,9
24437,0.618311,0.2948703,1
11462,0.4378501,0.1737004,2
23757,4.016844,0.297482,1
23761,0.2590896,0.1116054,1
15570,1.475177,0.2485751,1
3284,1.491635,0.2626147,1
40150,4.486235,0.3414401,1
19672,6.983402,0.3669454,1
48356,0.7634655,0,9
3301,0.05210792,0.1519285,2
11494,0.8798293,0.2618762,1
3305,1.738901,0.3577116,1
7405,1.124957,0,9
48369,4.673872,0,9
48521,1.287982,0.3086476,1
11509,1.745734,0.2788711,1
3318,0.07354009,0,9
3321,0.1497996,0,9
11514,1.822686,0.3202877,1
15612,0.03181497,0.1106928,2
11524,0.0740044,0.1034116,2
23815,0.2324378,0.15665,2
27181,1.421697,0.2655446,1
11544,0.1640913,0.1173696,1
36125,1.155359,0,9
7457,0.05243263,0.1219638,2
56612,0.02334503,0,9
28551,1.160407,0.3459191,1
11567,0.0561048,0.1921633,2
11568,0.3662332,0,9
11571,1.602072,0.2907471,1
40245,1.691608,0.3184443,1
40247,0.4875419,0.2279847,1
26436,0.03722698,0,9
11582,0.06691598,0,9
40257,0.2942414,0,9
44354,0.9772475,0,9
20026,0.01227286,0,9
40260,0.0534003,0.1312729,2
7493,2.577212,0.1996618,1
3398,8.642026,0,9
36169,14.56421,0,9
56650,0.03517283,0,9
7499,1.633253,0.2300959,1
7509,0.6257837,0,9
56662,0.4573023,0.1871956,1
7520,0.0417798,0.1046169,2
3987,0.04435225,0.1392403,2
40317,0.3298033,0.1897393,1
28030,0.4100592,0,9
10817,0.03137449,0.1147057,2
3465,0.2154415,0.1139067,2
23029,0.03822672,0.1272067,2
23789,0.02043323,0.07582977,2
11669,0.9416697,0.2579514,2
28057,0.8487766,0.1653876,2
11676,0.5122656,0,9
7581,0.1077485,0.1193582,2
48544,0.1273052,0.1913243,2
11685,0.7079008,0,9
11687,0.2083024,0.08212664,1
3508,0.09085578,0,9
3509,1.243544,0.3378764,1
3524,0.3196867,0.202263,1
11513,0.1911276,0.1345174,2
48604,0.9441762,0.2778752,1
25851,2.203674,0.3991448,1
40425,0.6810384,0.232684,1
11754,0.4705797,0.2191105,1
19949,1.764715,0.2633411,1
28143,0.3057078,0.1167491,2
11763,0.536014,0.1785776,1
40439,5.319452,0.3600445,1
11770,0.6387952,0.187709,2
11783,0.03339456,0,9
28168,12.71936,0.4389851,1
11791,2.907829,0.4257997,1
19989,0.01534639,0,9
10841,0.4451377,0.1952175,1
24094,0.8171921,0.2514133,1
11808,4.330884,0.3345923,1
11815,2.111304,0.3611239,1
40494,1.219649,0.2784727,1
40495,0.3682559,0,9
11824,0.9389414,0.2892444,1
11825,0.06182312,0.1541092,2
3634,0.04106537,0.1160087,2
32308,0.3238554,0.1261206,2
40502,0.8035535,0.2626816,1
11834,0.8446816,0,9
3645,0.1508699,0.1191124,2
11845,3.170706,0.2915189,1
20041,0.08996103,0.1040369,2
20042,1.978252,0.3284066,1
3666,1.857448,0.2576118,1
24149,0.3247932,0,9
11865,1.15947,0.286602,1
24168,0.1567553,0,9
11892,0.03863101,0.07968743,2
40566,0.5606502,0.2110498,1
24183,4.389339,0.3905033,1
40570,0.1049415,0.1625421,2
11903,0.03705114,0,9
7813,0.1588846,0,9
11910,0.1868139,0.1706059,2
11917,1.522522,0.3097099,1
20110,3.209167,0,9
28317,0.02408914,0,9
4037,0.1896996,0.08810013,1
20133,5.328233,0.3819468,1
44710,9.8676,0,9
28327,0.1256203,0,9
3757,0.2738954,0,9
44718,5.2847,0.320797,1
20144,0.7781448,0,9
11956,0.4735429,0.1937157,1
40222,0.5932775,0.2379466,1
39469,0.562565,0.1553704,2
57017,0.3351545,0.1870859,1
28348,0.1304325,0,9
3773,0.07440656,0,9
3777,1.206505,0,9
26040,0.7891846,0.2194763,1
20165,0.05587728,0.1360127,2
40647,4.134212,0.3659152,1
28365,3.999293,0.2211745,1
3792,0.2219841,0.09460594,1
11989,0.03650562,0.06582104,2
39407,0.06682658,0,9
11994,0.9117974,0.1838385,2
12002,0.01304291,0,9
12005,0.05750165,0,9
40679,2.215001,0.2628789,1
39548,2.437622,0,9
3435,0.1222153,0,9
3821,0.052587,0.131997,2
40686,0.08482468,0.1747346,2
12025,0.2081601,0.1831841,2
12030,0.08248913,0.1250331,2
57099,1.324307,0.2684803,2
12044,4.197272,0.3325209,1
3854,0.1840847,0,9
3859,0.1508128,0,9
12062,1.007546,0,9
12069,4.083528,0.320433,1
3880,0.02558768,0.08461808,2
28461,0.2169672,0.08729953,1
24366,0.14369,0.1775223,2
44856,0.01143418,0,9
20286,0.9900463,0.229528,1
28482,1.331992,0.1859708,1
20292,0.2961732,0.1428205,1
3917,0.4465594,0.1364928,1
3918,0.01982171,0.05262186,2
56632,0.8978943,0.218907,1
40790,0.1926979,0,9
44889,1.753917,0.2478545,1
44892,0.133701,0,9
3936,1.85841,0,9
48994,1.666536,0,9
24426,1.25636,0.1858786,1
32619,3.479321,0.3456206,1
28526,1.739151,0.3256594,1
28529,0.8265361,0.2687778,1
3956,0.07125582,0.1120567,2
3957,0.05158707,0,9
3960,0.5512694,0,9
27284,1.951181,0.3382729,1
3962,6.328525,0.3240449,1
10218,3.568558,0.3050934,1
3966,0.0318393,0.07211035,2
3971,1.012913,0.2439575,1
3972,0.07943583,0.1582562,2
11585,0.07674818,0.1826051,2
3977,0.4356954,0.1933286,1
3980,0.05335892,0.1516571,2
3981,4.367984,0.3185917,1
44942,8.356758,0.3657485,1
3985,0.01807792,0.1089043,2
20371,0.1185776,0.1830516,2
20376,0.05893376,0,9
20381,0.807251,0.2718531,1
8096,0.9299504,0.2520098,1
23195,0.6522501,0,9
4008,0.5998512,0.1827005,1
13227,1.267474,0.356519,1
4014,0.0296743,0,9
24496,1.938128,0,9
4017,0.6741385,0.1719868,1
26650,0.3389353,0.2129198,2
11727,4.787286,0.2950307,1
4030,1.153598,0.2645551,1
24513,1.848907,0.2735023,1
28610,5.649067,0.3902553,1
18422,0.09760294,0,9
4038,1.496371,0.2859095,1
4039,0.2619949,0.06593307,1
4040,0.02109321,0.06841019,2
4041,0.9434226,0.1701028,1
3817,0.9052386,0,9
4045,4.542943,0.237839,1
4048,1.537299,0.3338416,1
4054,1.539417,0,9
4056,0.3414157,0,9
4057,0.4909791,0.193806,1
20445,0.03992067,0.1241148,2
20448,0.2425076,0.1325628,2
4065,0.09076929,0,9
10918,0.2838966,0.1449139,1
4074,0.06487916,0,9
13775,0.3754681,0,9
4094,0.04590701,0,9
113013,0.003081801,0,9
101024,0.06784666,0,9
113060,0.003092014,0,9
101008,0.01569341,0,9
113032,0.003850352,0,9
108053,0.004019184,0,9
109031,0.003754406,0,9
110025,0.003869416,0.0007470767,6
112089,0.01350143,0,9
113087,0.02007896,0,9
112032,0.02426024,0,9
101017,0.008716418,0,9
113081,0.05819534,0,9
108024,0.01798666,0,9
112002,0.05615259,0,9
112004,0.006538284,0,9
108006,0.02300331,0,9
110007,0.005453521,0.002449126,6
112062,0.04594004,0,9
109064,0.003175884,0,9
111036,0.03341352,0,9
112079,0.004154045,0,9
114008,0.006251171,0.04430082,2
109034,0.03363048,0,9
109132,0.07187619,0,9
112011,0.006535327,0.001866167,6
101016,0.006780443,0.05803586,2
112014,0.0489868,0.03534585,1
114096,0.0071427,0,9
114038,0.006752879,0,9
109060,0.01402879,0,9
112055,0.002914412,0,9
112051,0.01375792,0,9
112034,0.009375827,0,9
108103,0.03888114,0,9
101011,0.01273387,0,9
113059,0.005306547,0,9
109005,0.0081591,0.04353355,2
113128,0.009909591,0,9
112017,0.005867594,0,9
114005,0.05322345,0,9
109021,0.04096731,0,9
112065,0.01820443,0,9
109057,0.03688288,0,9
111049,0.02055659,0,9
101019,0.0933044,0,9
109022,0.005839806,0,9
112012,0.01019906,0,9
112054,0.01249588,0,9
109075,0.03693528,0,9
112010,0.01123534,0,9
108055,0.0101155,0.04432427,2
113004,0.01633979,0,9
113047,0.01039157,0.05816524,2
109014,0.009046149,0,9
108019,0.2369361,0,9
112016,0.02207959,0,9
108022,-99,0.04296429,6
113078,-99,0.02993009,6
123003,0.03303861,0.035092,6
111024,0.01168354,0.04059763,2
112060,0.01832838,0,9
113056,0.01174467,0.04718835,2
108078,0.02220938,0.04387933,2
112084,0.02486528,0,9
109035,0.01275269,0.0677148,2
101012,0.02785188,0,9
109073,0.009110575,0,9
110019,0.1316219,0,9
113052,0.01118921,0,9
112042,0.01402056,0.05259915,2
110010,0.07642406,0,9
112019,0.01480758,0.05949369,2
110042,0.04299257,0,9
108111,-99,0.05392417,6
113077,0.01692492,0.04626328,2
108144,0.002126345,0,9
114065,0.03522783,0.06369509,1
114025,0.02911239,0.05383671,1
111028,0.03914611,0,9
114039,0.02451946,0.05005604,1
113051,0.0411585,0,9
109097,0.02742415,0.05372285,1
109018,0.02012833,0.04285736,2
108013,0.02015239,0.03432031,2
124009,0.07788339,0.08693715,1
113025,0.3553997,0,9
112006,0.02168594,0.05528628,2
108080,0.02247964,0.04352763,2
114048,-99,0.07709181,6
112001,0.02326229,0.0606242,2
113012,0.01671864,0,9
110004,0.02411093,0.06525266,2
123011,0.02490115,0.05610412,2
114075,0.02698314,0.04829527,2
112003,0.6723993,0,9
114058,0.06331431,0,9
108052,0.09446424,0,9
101010,0.02741827,0.05516092,2
108061,0.0321766,0.06815607,2
109099,0.03293499,0.04021774,2
122001,0.1782714,0,9
101000,0.0953702,0.09183297,1
111066,0.04315287,0.03482296,1
112047,0.03896236,0.07519084,2
101018,0.08303822,0,9
109127,0.1106308,0,9
112106,0.04437321,0.07070208,2
108145,0.07410919,0.05149794,6
114036,0.2052472,0.09299973,1
114077,0.1549687,0,9
109090,0.03519111,0.06308607,1
114037,0.03112742,0.06153596,1
108051,0.06039125,0.02886242,1
114104,0.05995488,0.08160464,1
110056,0.08875734,0.06295313,1
114129,0.08324821,0,9
108097,0.0550544,0.07178093,2
108017,0.05605919,0.07300798,2
114047,0.05687875,0.07288726,2
114091,0.05841979,0.04624839,2
109027,0.1177303,0.08950383,1
110062,0.0594109,0.06588314,2
108044,0.06452408,0.09271375,1
101030,0.0611427,0.05410968,2
111071,0.06468602,0.03034405,2
109135,0.06528428,0.0682501,2
107019,0.06068223,0,9
108140,0.0690089,0.06097633,2
111063,0.1184994,0.09703545,1
110076,0.06157502,0,9
111004,0.2057917,0,9
110047,0.05346077,0,9
101001,0.07933637,0.08232916,2
114001,0.0800948,0.06494027,2
108116,0.1651927,0.1133815,1
110082,0.08944389,0.04831954,1
114140,0.08976863,0.05731907,1
109020,0.1171997,0,9
113123,0.08771359,0.03888385,1
114132,0.09005634,0.07385721,2
113010,0.1067101,0.07155438,1
113110,0.09496808,0.07666836,2
108123,0.3734755,0,9
102001,0.09796253,0.06748409,2
109045,0.1166171,0.09164467,1
110055,0.09957594,0.06205883,2
110060,0.11565,0.1135017,1
112044,0.192303,0.1146745,1
109009,0.1977982,0,9
113134,0.1077484,0.05732481,2
108136,0.1098284,0.08960205,1
124012,0.161621,0.1287452,1
108132,0.3142789,0,9
114127,0.08582472,0.07394743,1
113137,0.1162766,0.0544779,2
111083,0.1562383,0,9
109103,0.1361952,0.1088875,1
113074,0.1218307,0.07212536,2
108143,0.1219821,0.08740281,2
108101,0.1229579,0.08273339,1
109120,0.1036179,0.0807946,1
113001,0.6474406,0,9
111088,0.1578174,0.08299435,1
111045,0.1261627,0.0872236,2
114054,0.1336284,0.09863307,1
109077,0.1058392,0.06088422,1
114076,0.1442566,0.08358394,1
109006,0.1312916,0.08918952,2
110081,0.1848019,0.1136865,1
111057,0.1320109,0.08933327,2
124028,0.1350975,0.05206664,2
110066,0.1377762,0.1094168,2
109101,0.1375255,0.0497943,1
113011,0.1999267,0.1161662,1
109100,0.1304387,0.09677359,1
108088,0.1656391,0,9
109059,0.1529848,0.06813125,2
101031,0.1539665,0.08786869,2
110058,0.1555437,0.09155102,2
113005,0.3280012,0.1144303,1
110063,0.1583393,0.07718426,1
113144,0.1942172,0.08973616,1
123002,0.1936332,0.1141489,1
109126,0.1628091,0.08875045,1
124006,0.5482751,0,9
109108,0.07878073,0,9
113133,0.1219834,0.06927179,1
112113,0.1761544,0,9
110057,0.253353,0.1161767,1
110036,0.1848949,0.0420387,1
108011,0.2167538,0.1054693,1
111064,0.1908805,0.0976488,1
109039,0.185271,0.1080801,1
109129,0.275033,0.1478708,1
108129,0.3864268,0,9
114137,0.2248095,0.0939104,1
109121,0.1707938,0.06856067,2
108150,0.1425021,0.0705381,1
114089,0.1932855,0,9
112117,0.2835676,0,9
122005,0.1819012,0.0931069,2
124007,0.1819604,0.0698274,2
109066,0.2808497,0,9
112100,0.1837532,0.08461814,2
109079,0.1872031,0.1031482,1
114000,0.1842569,0.0983064,2
111053,0.2053111,0.1248521,1
109134,0.2261219,0.1160179,1
114117,0.1907026,0.110834,2
109137,0.2336483,0.09873934,1
110001,0.2222545,0.1254947,1
114124,0.5554414,0.1038287,1
111027,0.2021452,0.112354,1
110054,0.1993154,0.1202909,1
113118,0.2394201,0.1224391,1
113091,0.2040049,0.1163945,1
123000,0.2738613,0.1126659,1
113024,0.23515,0,9
123008,0.2315629,0.1160355,1
110068,0.2179188,0.1071982,2
114098,0.261041,0.1062512,1
124000,0.2190095,0.09567215,2
111090,0.2559129,0.1018887,1
107029,0.2400727,0.1027847,1
114085,0.2318056,0.09382466,1
111086,0.4140292,0.1154582,1
114113,0.2437246,0.09547412,1
110069,0.410096,0,9
101021,0.2763046,0.1087072,1
108065,0.2712809,0.1209711,1
124002,0.2094205,0.1032322,1
114021,0.3079816,0.1134704,1
110059,0.2349542,0.1031209,2
109094,0.2573584,0.1224043,1
109082,0.1576238,0,9
111042,0.346672,0,9
109109,0.2378363,0.123421,2
101034,0.237909,0.08225905,2
110080,0.2688334,0.1099412,1
114121,0.233956,0.1083991,1
108119,0.2925681,0.09996909,1
110008,0.287854,0.1334616,1
114118,0.3341075,0.1238878,1
114122,0.2758943,0.1316008,1
109050,0.3473234,0.09805123,1
108058,0.3367144,0.1387624,1
110044,0.32877,0.09020334,1
110075,0.2522445,0.1172799,1
114083,0.237637,0,9
108049,0.249284,0.08807555,1
114142,0.263329,0.1192391,1
109011,0.2436978,0.1004972,1
111037,0.2598636,0.07671467,2
111067,0.3147446,0.1478703,1
108125,0.3353266,0,9
124004,0.3255545,0.1254577,1
108090,0.3020537,0.1158182,1
113105,0.306403,0.1341537,1
109102,0.380328,0.09384951,1
113098,0.2210007,0,9
114015,0.2526228,0.04765186,1
114049,0.2432534,0.1000721,1
101033,0.2093315,0.0817257,1
101026,0.2344765,0,9
114052,0.3060334,0.1303116,1
114115,0.3267297,0.1110473,1
114097,0.2924541,0.1361294,1
112068,0.3513189,0.1368906,1
123007,-99,0.09394401,6
109092,0.4010106,0.147249,1
101037,0.3188198,0.09878821,1
124003,0.3049117,0.0789772,1
111100,0.3725238,0.1397045,1
109076,0.4242231,0,9
108014,1.125934,0,9
113040,0.8992558,0.1452326,1
114012,0.3801375,0.1106994,1
109070,0.2035981,0,9
107026,0.3835054,0.1087574,1
112081,0.3791888,0,9
114055,0.4044806,0.1219844,1
107021,0.2953002,0.08167656,1
113115,0.3714852,0.1134463,1
114078,0.3278009,0.1156838,1
114125,0.3090549,0.1263526,1
123001,0.3565182,0.1173562,1
113100,0.3857106,0.1146478,1
108148,0.2898307,0,9
114074,0.4081917,0.1100207,1
110040,0.2959443,0.1322915,1
114090,0.3700233,0.1229908,1
113141,0.386306,0.1036881,1
112080,0.4911642,0.1145054,1
108054,0.6281475,0.07126479,6
107028,0.61824,0,9
113109,0.267157,0.1186562,1
124025,0.3450624,0.08933454,1
124017,0.3061504,0.1076795,1
109010,0.3670887,0.1007035,1
113008,0.3851435,0.08663014,1
109038,0.7394278,0.1035165,1
114144,0.1182485,0,9
112031,0.4212173,0.1368884,1
114111,0.4090626,0.1133732,1
110013,0.4272199,0.1526612,1
113049,0.3937252,0.135566,1
109058,0.4404495,0.1343358,1
124027,0.5274943,0,9
110034,0.3980196,0.1182835,2
108113,0.6112424,0,9
112053,0.3288961,0.1323439,1
108064,0.3793979,0.1095257,1
111054,0.4368159,0.1436797,1
114024,0.3748527,0.1313943,1
109088,0.3201131,0,9
110022,0.7573401,0.1490581,1
110038,0.5136209,0.1423784,1
114067,0.4063721,0.1092266,2
101028,0.3921552,0,9
109118,0.35546,0.1160319,1
111062,0.4359889,0.1199886,1
113057,0.5164608,0,9
109106,0.484221,0.1131523,1
101007,0.5426811,0,9
111047,0.476071,0.1444556,1
111075,0.442093,0.1380863,1
114136,0.4601512,0.1002678,1
113126,0.5575611,0.140784,1
111082,0.4315796,0.1406291,2
112038,0.8877378,0.1351809,1
108021,0.5054287,0.1438527,1
111013,0.3910522,0.1158325,1
114042,0.4807946,0.122885,1
109083,0.5000296,0.1304984,1
111101,0.4676128,0.1711439,1
122002,0.4883979,0.1184028,1
110043,0.4009765,0.1403118,1
112088,0.4351878,0.1302537,1
114126,0.4437651,0.1310512,1
122000,0.6441776,0.118152,1
101025,0.4470632,0.1096246,1
109080,0.4873055,0.1594425,1
114073,0.5260956,0.1170464,1
114056,0.561614,0.09316631,1
112107,0.6106744,0.1508595,1
113124,0.5554473,0.1224672,1
108151,0.5398924,0.1124119,1
112112,0.5028545,0,9
111093,0.546747,0.1548924,1
113122,0.5852894,0.1141734,1
114010,2.069653,0.1668798,1
109072,0.5778642,0.1479839,1
101022,0.4976705,0.1082688,1
114033,0.5331756,0.1097666,2
113022,0.6192873,0,9
114095,0.5536032,0.1090434,1
113131,6.445015,0.2700402,1
101004,0.6270933,0,9
111091,0.4882433,0.116065,1
109016,0.537235,0.1476647,1
114138,0.5770886,0,9
114053,0.6405044,0.1256657,1
109116,0.5969763,0.1162723,1
111080,0.6198568,0.09975692,1
110031,0.5922042,0.114011,1
108093,0.6742437,0.1439054,1
113136,0.6988451,0.1582234,1
114046,0.8426343,0.1377902,1
110049,0.7569859,0.148111,1
114072,1.142554,0.1308882,1
113114,0.8413318,0.1363552,1
112050,1.126249,0.1362316,1
112035,0.7605964,0.1262477,1
108016,0.6068181,0.1109301,1
107005,0.8893723,0.1356742,1
112056,0.6989176,0.1212456,1
109074,0.6448103,0.1608401,1
108147,0.6163411,0.1349624,1
108050,0.7281401,0.1574125,1
112116,1.253867,0.1363182,1
113062,0.7023506,0.1319323,1
109123,0.7052628,0,9
113150,0.7061493,0.1093523,1
101005,0.6614823,0.1338283,1
108142,0.9015465,0,9
109122,0.6328096,0,9
109128,1.078806,0.1964469,1
111035,0.7029961,0.1135631,1
108133,0.7133222,0.133048,1
109061,0.6832719,0,9
110011,0.7461491,0.1192097,1
109023,0.7035429,0.13485,1
111070,0.9650965,0.1388832,1
111079,0.8542652,0.1233097,6
123006,1.096004,0.1359577,1
114139,1.045633,0,9
114141,0.9001948,0.1353862,1
101002,0.8172843,0.129067,1
113063,0.8580091,0.1170285,1
111044,0.7074967,0,9
114027,0.9180307,0.1254393,1
114041,0.8087866,0,9
109065,1.084649,0.1872224,1
109139,0.8793913,0.1502873,1
114061,1.062752,0.135897,1
112078,0.9395127,0.1458748,1
108029,0.9660943,0,9
111023,1.171474,0.1640245,1
113003,1.03424,0.152321,1
111030,2.690613,0.1782365,1
111077,1.056981,0.174638,1
111056,1.394976,0.1616381,1
112058,1.263643,0.1614578,1
113038,1.188475,0.1230591,1
110003,0.831003,0,9
109081,2.416844,0.162024,1
114031,1.875505,0.162478,1
124001,1.48125,0.1746221,1
110017,1.37575,0.1523586,1
114044,2.07975,0.1754695,1
108084,1.130829,0,9
108045,1.571336,0,9
108094,1.487554,0.1700816,1
109028,1.557927,0.1489641,1
114146,2.58983,0.1880728,1
123005,1.248722,0,9
113067,1.937384,0.1698702,1
123010,2.429099,0.1616852,1
114082,2.031518,0.1907621,1
111074,2.350784,0,9
108026,2.013479,0.1975869,1
111007,2.589238,0.1532759,1
109089,0.1719521,0,9
114123,2.594349,0.1654631,1
110037,2.309603,0,9
110041,3.250276,0.2028494,1
124010,2.935288,0.1965339,1
114057,0.04699389,0,9
108082,1.025396,0,9
109036,0.4598827,0,9
