GASSID,AGC,PLATEID,MJD,FIBERID,RA,DEC,Z,MASS,SFR_SDSS,SFR,SSFR
113001,0,2241,54169,639,196.046875,27.4904441834,0.01777024,9.926116,0.5387535,0.9482971,-9.949172
114000,726607,2134,53876,164,217.2200927734,27.8344020844,0.01551897,9.049796,0.3184565,0.2189095,-9.709532
101000,0,430,51877,313,27.2213726044,13.4239454269,0.01554217,9.407334,0.1240195,0.164912,-10.19008
110000,0,578,52339,43,161.2817993164,3.674605608,0.01890868,9.737374,0.406537,NULL,NULL
108000,0,1585,52962,55,124.4479293823,23.4765338898,0.01286902,9.486051,0.01878236,0.03566204,-10.93384
108001,0,1928,53327,255,126.8537521362,23.5672893524,0.01861922,9.495749,0.04878093,0.2366859,-10.12158
113003,8818,855,52375,539,208.5260925293,5.356356144,0.01822185,9.854682,0.8051746,1.152659,-9.792981
111001,0,2506,54179,105,175.8686523438,19.2038803101,0.01886046,9.336207,0.01225575,0.0003253458,-12.82386
113004,0,2241,54169,581,195.3067779541,27.9142723084,0.01951386,9.725677,0.01263194,0.02393266,-11.34669
108002,0,1587,52964,628,130.6887664795,28.521604538,0.01856375,9.25592,0.1849141,NULL,NULL
113005,0,854,52373,93,206.6233978271,3.8783125877,0.01782605,9.178998,0.4758062,0.3735322,-9.60667
108003,180194,826,52295,146,124.8412628174,35.0472412109,0.01756272,9.719866,0.8122694,1.026504,-9.708506
109001,0,472,51955,111,139.1757659912,0.2055801153,0.01686122,9.961572,0.4417943,0.5570877,-10.21565
107000,0,1921,53317,303,116.7572174072,16.5051708221,0.01630422,9.518705,0.4408289,0.6907972,-9.679355
111003,0,278,51900,469,167.2324066162,0.4448042214,0.01290247,9.163145,1.437772,0.8290202,-9.24458
108004,0,1927,53321,278,124.9086914062,21.285358429,0.01515976,9.682884,0.01192917,-0.03402545,NULL
101001,0,430,51877,231,27.6344871521,13.6617259979,0.01735902,9.084109,0.07119673,0.06708372,-10.25749
114005,0,2131,53819,112,217.021270752,25.8304672241,0.01516926,9.422225,0.0126174,0.07795564,-10.53038
108006,0,1185,52642,394,125.6080322266,4.1632528305,0.014917,9.295259,0.01204426,0.03369262,-10.76772
114006,0,2758,54523,221,212.3675689697,17.6621894836,0.0180566,9.576794,0.009382316,0.0201051,-11.27349
108007,180186,1927,53321,318,124.7045822144,21.2182388306,0.01485717,9.516364,0.4820145,0.5445319,-9.780341
113008,230859,1778,53883,498,209.2308959961,14.1422519684,0.01502278,9.306173,0.1248763,0.6476625,-9.494824
108008,0,1928,53327,170,127.3179626465,23.8090133667,0.01816986,9.284667,0.06315824,0.3363019,-9.757937
113009,0,525,52295,195,198.0536956787,2.120926857,0.01940095,9.952491,0.38961,0.5382996,-10.22147
110002,0,2589,54174,35,156.358215332,17.2615756989,0.01847224,9.769814,0.1483099,0.9224238,-9.804884
113010,0,2742,54233,36,208.2726287842,15.8445510864,0.0102141,9.97998,0.3810133,0.3759609,-10.40484
114007,0,2758,54523,212,212.5155029297,17.4057426453,0.01615497,9.948773,0.01630948,0.03216296,-11.44142
123000,332031,746,52238,563,352.6573791504,15.6051740646,0.01348879,9.155426,0.171775,0.3260745,-9.642109
112002,0,2240,53823,105,194.4854888916,27.3822994232,0.01738534,9.105005,0.008793059,0.0822459,-10.18989
114008,0,2131,53819,63,217.0533294678,25.8305263519,0.01318092,9.606174,0.007137399,0.03997483,-11.00439
113011,0,2756,54508,65,209.7766418457,17.9347133637,0.01756896,9.106084,0.2447316,0.1431156,-9.950397
108011,0,2570,54081,185,121.7766571045,7.8829026222,0.01545071,9.042074,0.2459349,0.1447417,-9.88148
114010,0,2134,53876,170,217.1944274902,27.2506694794,0.01473646,9.714161,1.618304,0.5826355,-9.948764
113012,0,2240,53823,611,195.0688171387,27.9675216675,0.01547031,9.799283,0.01039107,0.02448756,-11.41034
113013,0,2241,54169,583,195.2700958252,27.8917655945,0.01935512,9.336749,0.0148967,0.00451387,-11.6822
114012,248944,2747,54233,287,216.9273529053,13.9068880081,0.01743417,9.44209,0.6350386,0.5407142,-9.709123
110005,0,579,52338,210,162.6876678467,3.513510704,0.01811519,9.277843,0.2672084,NULL,NULL
111007,6967,2227,53820,319,179.6902923584,27.4524421692,0.01150397,9.960168,0.0202843,3.994394,-9.358717
113014,0,2094,53851,401,204.872253418,31.2998809815,0.01583877,9.986581,0.05554182,0.05168798,-11.27319
109005,0,1303,53050,549,143.7741851807,9.6492271423,0.01136799,9.609703,0.02352881,0.006081267,-11.82571
109006,190511,1305,52757,103,146.9255828857,9.1610546112,0.0178318,9.178282,0.3181486,0.7748681,-9.289054
110006,0,2484,54144,56,164.1585693359,20.2457389832,0.0199145,9.305924,0.2877399,0.3291723,-9.788501
110007,0,2479,54174,150,161.7056274414,18.0310821533,0.01977138,9.402105,0.03591618,-0.01291063,NULL
110008,722227,2353,53794,192,157.2167816162,26.7929706574,0.01744893,9.281501,0.2910517,0.3752282,-9.707206
113015,0,2617,54502,514,197.5012817383,19.7183456421,0.0124378,9.710998,0.1328924,0.3650846,-10.1486
112003,0,2240,53823,117,194.4765167236,27.4906387329,0.01661109,9.807007,0.1426133,0.9848539,-9.813635
112004,0,2240,53823,490,194.449432373,27.7694568634,0.01928272,9.360384,0.01635724,0.009576533,-11.37918
114015,240256,2128,53800,587,214.7557830811,24.9437160492,0.01787376,9.244305,0.0368324,0.4478669,-9.593156
112005,0,516,52017,27,181.2258453369,1.8213176727,0.01926567,9.736208,0.01326234,0.00428018,-12.10475
108016,4473,1587,52964,246,128.4860687256,26.9726619721,0.01174959,9.567883,0.2682194,0.7807574,-9.675366
113017,0,2241,54169,448,195.148223877,28.1461296082,0.01821857,9.973101,0.01114782,0.02656079,-11.54886
108017,0,1934,53357,249,134.2139434814,27.2700977325,0.01856138,9.912443,0.02083723,0.1487468,-10.74
124000,102005,753,52233,138,5.9327740669,14.306722641,0.01793722,9.406632,0.3507762,0.3754653,-9.832063
108019,0,1584,52943,512,122.550743103,22.7722911835,0.01559374,9.36662,0.04502773,0.347037,-9.826244
110009,200065,2348,53757,263,151.6717529297,28.1728363037,0.01566017,9.439657,0.2861805,0.5651876,-9.687465
110010,0,572,52289,542,150.2640380859,4.6192727089,0.01350064,9.662399,0.07988589,0.1119372,-10.61342
113018,0,2242,54153,615,197.3453369141,28.3212795258,0.01913857,9.644906,0.01021998,0.02074746,-11.32794
114016,0,2758,54523,184,212.528793335,17.6157608032,0.01885901,9.496359,0.9335124,1.220007,-9.409997
114018,0,2132,53493,251,216.249786377,23.1251239777,0.01709201,9.562931,1.131879,0.8054802,-9.656877
108021,0,1932,53350,632,133.8280792236,27.3461647034,0.01729252,9.638288,0.3492449,0.7423216,-9.767696
112009,0,2240,53823,564,194.8696899414,28.0405235291,0.01875564,9.849346,0.008987729,0.01766249,-11.60229
101004,110244,424,51893,228,20.3777694702,14.504983902,0.01403548,9.916551,0.4843286,0.9184947,-9.953474
114019,0,1644,53144,590,217.2509155273,35.9437713623,0.01496791,9.474652,0.3879985,0.3918,-9.881588
109008,0,2295,53734,524,147.0943603516,23.630399704,0.01896241,9.27627,0.3724089,0.330298,-9.757364
112010,0,2240,53823,297,192.7639465332,26.445728302,0.01999256,9.518241,0.01296284,0.01645624,-11.30191
110011,5378,572,52289,501,150.1333312988,4.4070820808,0.01385642,9.883593,0.7293233,1.617933,-9.674632
111012,0,279,51984,557,169.7316436768,0.089849554,0.01923702,9.143418,0.270963,0.1501408,-9.96692
108024,0,2083,53359,325,126.0176391602,21.0118846893,0.01549544,9.451381,0.00949205,0.02634482,-11.03069
108025,0,2281,53711,397,131.9571990967,18.9118976593,0.01409451,9.437348,0.05480246,0.1678567,-10.21241
108026,4456,1929,53349,372,128.0145874023,24.0109176636,0.01831621,9.837106,0.0202843,2.907217,-9.373629
108027,0,1923,53319,629,122.4905090332,18.6840381622,0.01645661,9.285008,0.4858141,0.7496959,-9.410123
114020,0,2758,54523,267,212.2238006592,17.6076412201,0.01780648,9.06271,0.05134168,0.09298355,-10.0943
108029,0,1265,52705,636,122.8163375854,25.1793670654,0.01371489,9.615052,0.4508272,1.415025,-9.464288
114021,244268,1708,53503,407,216.096572876,13.7984418869,0.01681845,9.37769,0.3894844,0.2964577,-9.905727
108030,0,1929,53349,178,128.1958618164,22.5765781403,0.01540031,9.404159,0.08605381,0.2511612,-10.00421
122000,320295,739,52520,494,339.8410949707,13.8822870255,0.01733448,9.097281,2.345741,0.8897114,-9.148032
114022,0,2133,53917,183,217.2987060547,30.0772438049,0.01457329,9.638612,0.2183283,0.5750802,-9.878883
112011,0,2240,53823,565,194.9061889648,28.1661376953,0.01908395,9.440511,0.01416609,-0.008787946,NULL
108033,0,2278,53711,445,130.1064453125,18.3163948059,0.01498547,9.133316,0.032719,0.1024507,-10.1228
112012,0,2241,54169,124,194.5314178467,26.3268470764,0.01902039,9.809035,0.01090335,0.01493841,-11.63473
109009,192302,1739,53050,130,137.4672546387,9.7936267853,0.01831921,9.375553,0.4545902,0.2897123,-9.913587
113021,0,2112,53534,126,201.1394500732,31.6715183258,0.01566409,9.302164,0.03976583,0.1008803,-10.29836
113022,8255,1697,53142,306,197.7355041504,11.4773731232,0.01122625,9.570151,0.0202843,0.9070613,-9.612514
109010,5095,1303,53050,519,143.5113220215,9.4792041779,0.01016935,9.748248,0.2283811,0.6411288,-9.941303
113023,0,2241,54169,614,195.5597381592,28.101606369,0.01983889,9.361712,0.01321113,0.06964666,-10.51881
112014,0,517,52024,440,181.1341247559,2.4531247616,0.01996723,9.582536,0.01110223,0.01995132,-11.28256
109011,192947,570,52266,577,146.3977203369,4.4105916023,0.01991682,9.505133,0.2838573,0.4951467,-9.810399
110013,200231,1746,53062,351,154.3029937744,13.1920537949,0.01748373,9.709618,0.4846186,0.758902,-9.829432
113024,0,2110,53467,323,200.9232330322,31.646314621,0.0166004,9.83899,0.04241506,0.3444209,-10.3019
112015,0,517,52024,198,181.1933898926,2.0052349567,0.01551385,9.220525,0.009499703,0.00474862,-11.54396
108037,0,1927,53321,174,125.35987854,21.1308517456,0.01637215,9.920472,0.01377368,0.0749041,-11.04597
114024,9294,2131,53819,64,217.2375335693,25.5534172058,0.01379962,9.626213,0.1216102,0.5443079,-9.890368
113025,0,2242,54153,421,195.6465759277,27.4394378662,0.01806066,9.4075,0.03999724,0.520549,-9.691039
112016,0,2240,53823,209,193.34034729,26.3614234924,0.01931872,9.514278,0.03138702,0.03233967,-11.00454
108038,0,1927,53321,266,124.9001998901,21.2413864136,0.0152309,9.168011,0.004842393,0.03003233,-10.69042
114025,0,2131,53819,146,216.3362426758,25.7081165314,0.0153531,9.159695,0.08574329,0.1220269,-10.07324
109013,0,2293,53730,500,142.5682678223,23.6244335175,0.01380852,9.272533,0.01208454,0.002321227,-11.90682
111013,6977,2655,54184,435,179.7727966309,24.9889640808,0.01347935,9.919288,0.2535771,0.574075,-10.16032
112017,0,2240,53823,494,194.5071411133,27.8535671234,0.01897641,9.516894,0.01084951,0.008594182,-11.58269
113028,0,2011,53499,36,195.8325195312,28.6172676086,0.01988279,9.605999,0.009887124,0.05678406,-10.85177
114030,0,2758,54523,204,212.4165496826,17.4950256348,0.01794668,9.164243,0.004041848,-0.004437259,NULL
108041,0,1924,53330,545,123.5587310791,21.4357299805,0.01585581,9.476735,0.01919818,0.01198789,-11.39799
101005,1322,430,51877,256,27.874666214,13.1316995621,0.01612927,9.936077,0.1222757,1.366125,-9.800587
109014,0,2285,53700,100,136.3264160156,18.4422035217,0.01397053,9.872765,0.02880978,0.01324977,-11.75056
101006,0,397,51794,474,17.7471370697,0.4336513877,0.01881858,9.591823,0.2863651,0.3444392,-10.05471
109015,0,1941,53386,75,143.2129821777,31.6958503723,0.01527665,9.620956,0.04800871,0.02343312,-11.25113
112021,0,1975,53734,307,189.7001342773,32.0914955139,0.01446361,9.85366,0.2459971,1.605,-9.648185
108042,0,565,52225,160,134.6270141602,2.9254822731,0.01296694,9.958364,0.03225671,0.06738358,-11.12981
113030,0,2029,53819,15,197.3406219482,30.9228458405,0.01683164,9.291368,0.3750422,0.5018494,-9.590796
109016,190643,1307,52999,424,149.7713470459,10.3611297607,0.01785557,9.753889,0.5036051,0.5158271,-10.04138
108044,0,2269,53711,72,124.2594223022,15.6295461655,0.01903999,9.037071,0.1441153,0.109425,-9.997954
112022,0,2241,54169,416,194.8685760498,28.0853919983,0.01240529,9.18862,0.006852357,0.08399373,-10.26437
109017,0,569,52264,84,144.0290985107,3.0116834641,0.01864313,9.219144,0.5162738,0.6808513,-9.386091
109018,191576,2436,54054,417,137.3439331055,15.6136636734,0.01220082,9.791553,0.01438203,0.09045896,-10.8351
113032,0,2240,53823,622,195.0433959961,27.5950183868,0.01865591,9.559094,0.03489635,0.005639556,-11.80785
108045,180192,1926,53317,203,124.7712631226,21.7914009094,0.01501069,10.08409,1.505082,2.301514,-9.722072
108046,180158,1925,53327,560,124.2398605347,20.5122737885,0.01446021,9.622298,0.08376065,0.4195776,-9.999486
112025,220756,520,52288,441,188.2073974609,3.2999091148,0.01662258,9.584748,0.05874623,0.884922,-9.637843
108047,0,1584,52943,567,122.9387588501,23.4738121033,0.01573402,9.060884,0.04884611,0.2042551,-9.750711
114033,0,2745,54231,488,213.0529937744,15.8688879013,0.0174474,9.913043,0.8520598,1.005693,-9.910578
111016,0,2492,54178,567,169.016494751,22.6206550598,0.01805354,9.01722,0.471444,0.1608175,-9.810886
109019,0,473,51929,114,140.2929229736,1.4727391005,0.01633252,9.838872,0.0341704,0.1303731,-10.72368
124001,233,753,52233,153,6.1778922081,14.8245897293,0.01760021,9.950695,0.6101689,1.686524,-9.723702
111017,0,1991,53446,553,178.9275970459,32.1888923645,0.01145083,9.252187,0.4292992,0.386492,-9.665047
107002,0,1920,53314,105,118.2136993408,17.5600242615,0.0158754,9.314674,0.2031749,0.2148721,-9.982494
114034,0,2758,54523,239,212.4639587402,17.5873146057,0.01749175,9.962783,0.01753033,-0.002791902,NULL
113033,0,2242,54153,364,195.8398132324,28.3090400696,0.01842575,9.73217,0.009775973,0.02588587,-11.31911
109020,5003,1740,53050,518,141.0606994629,11.1106023789,0.01143651,9.539716,0.02112176,0.1716607,-10.30505
112027,0,2609,54476,433,181.2294464111,19.9819793701,0.01953299,9.99473,0.09791068,0.2702785,-10.56292
110014,0,2477,54058,19,161.7724761963,22.1356296539,0.01956256,9.238649,0.3099346,0.1593325,-10.03635
109021,0,1194,52703,119,139.2416229248,6.7150859833,0.018582,9.541151,0.02951141,0.06000424,-10.76297
113034,0,2240,53823,614,195.0224761963,28.0244522095,0.01969106,9.739198,0.01770965,0.001648491,-12.52211
108049,180953,1295,52934,376,122.7698364258,6.2986035347,0.0145131,9.414597,0.3152609,NULL,NULL
113036,0,2028,53818,326,205.5916900635,35.6241264343,0.01812066,9.86802,1.23481,2.122823,-9.541106
114035,0,2758,54523,250,212.2779083252,17.4884948731,0.01643841,9.083635,0.01003275,-0.006753671,NULL
113037,8668,2642,54232,81,205.4856872559,18.1428852081,0.01825868,9.286129,0.02946999,0.6325045,-9.485065
109022,0,2285,53700,205,136.1638641357,18.2573719025,0.01212701,9.811095,0.007515365,0.008553482,-11.87895
111019,0,2503,53856,615,174.9756469727,17.8820419312,0.01035979,9.363123,0.01403492,0.03117589,-10.8693
108050,180199,1927,53321,274,124.8324508667,21.0588512421,0.01616473,9.749454,0.9243152,0.9650823,-9.764889
113039,0,2112,53534,125,200.8565673828,32.1031799316,0.01585756,9.883069,0.009233155,0.006938875,-12.04178
113040,0,2241,54169,554,195.0380859375,27.8664932251,0.017733,9.324483,1.751984,0.731541,-9.460244
113041,0,2109,53468,38,205.3890228271,32.4326286316,0.01664651,9.855599,0.07501707,0.1660301,-10.63541
123001,12601,746,52238,424,351.7925109863,15.0172271729,0.01354952,9.324673,0.07037527,NULL,NULL
124002,102145,420,51871,382,12.2653999329,15.4855327606,0.01825912,9.249303,0.3876681,0.2643546,-9.827116
101007,110240,424,51893,328,20.288898468,15.694773674,0.01711179,9.446228,0.2212076,0.7948574,-9.545938
108051,188834,2430,53815,609,134.0165863037,13.4220266342,0.01395547,9.111108,0.2671161,0.2788056,-9.665807
108052,0,2419,54139,363,120.5503005981,10.5428113937,0.01449115,9.600313,0.0304944,0.1383604,-10.4593
109027,0,1740,53050,267,140.1371459961,10.6003112793,0.01119899,9.398902,0.1729896,0.8622309,-9.463279
109028,12931,568,52254,506,141.8700408936,3.9296011925,0.01778338,10.06974,1.331773,2.950305,-9.599871
108053,0,1185,52642,386,125.5565567017,4.1976957321,0.0129151,9.459672,0.01455258,0.005886842,-11.68979
114037,0,2134,53876,187,217.1435241699,27.3363685608,0.0134916,9.417714,0.07771952,0.2066997,-10.10237
114038,0,2135,53827,392,216.8110656738,25.8886547089,0.01590144,9.833196,0.01045514,0.009890847,-11.83796
110015,0,2479,54174,120,162.0712127686,18.2357845306,0.01953271,9.431291,0.1405142,0.6267007,-9.634231
113044,0,2241,54169,537,195.306930542,28.0831184387,0.01937423,9.130574,0.007255044,0.02308625,-10.76722
113045,0,2110,53467,40,203.7703704834,31.0115776062,0.0165599,9.671501,0.8746214,0.7364935,-9.804333
108054,180574,1192,52649,396,134.9543762207,5.0608525276,0.01246847,9.925367,0.2979821,0,NULL
113048,0,2028,53818,403,206.7469787598,35.3057098389,0.01651665,9.132222,0.08613508,0.2673385,-9.70516
101008,0,430,51877,298,27.4754562378,13.1266508102,0.01703279,9.340675,0.007589273,0.02298591,-10.97921
123002,332745,746,52238,452,352.3082885742,15.4361429215,0.0171354,9.135062,0.2432372,0.1544755,-9.946202
109031,0,1740,53050,528,141.3161773682,11.5968847275,0.01184253,9.230803,0.008648084,0.005499026,-11.49052
109032,0,566,52238,553,137.1011657715,3.3675773144,0.01276623,9.556071,0.4613176,0.3336501,-10.03278
109034,0,1743,53054,10,149.6181945801,11.3025560379,0.01775011,9.217082,0.01129874,0.0492581,-10.5246
114041,9221,1840,53472,484,215.9266052246,34.0090141296,0.01285232,9.837127,1.112142,1.184618,-9.763548
113049,732476,2241,54169,6,195.7747344971,26.5311336517,0.01913118,9.923703,0.4324641,0.8622378,-9.988076
124003,100271,391,51782,502,7.4099164009,0.4103737175,0.01384861,9.218797,0.3050775,0.5423172,-9.484544
112031,220292,1613,53115,474,184.318939209,12.7952251434,0.01668982,9.284537,0.4863737,0.4821891,-9.60132
113050,0,2242,54153,570,197.0032653809,28.0812416077,0.01915804,9.458945,0.03078577,0.009241312,-11.49321
112032,0,2240,53823,555,194.7210540771,27.8134250641,0.01842033,9.746458,0.012209,0.03553363,-11.19582
114042,241969,2128,53800,31,215.4700775146,24.1073875427,0.01749683,9.521211,0.4651361,0.5477833,-9.782602
112033,0,517,52024,188,181.1915130615,1.803973794,0.0195606,9.108028,0.01355939,0.01595038,-10.90526
108056,0,891,52584,20,120.8052062988,33.1323509216,0.01759083,9.828238,0.01383821,0.2400067,-10.44801
112034,0,844,52378,564,184.8232421875,5.8758659363,0.01022011,9.183805,0.01335119,0.01373264,-11.04605
113052,0,2242,54153,405,196.0331726074,27.9649581909,0.01980436,9.930933,0.03563773,0.01638867,-11.71639
101009,0,399,51817,378,20.854927063,0.7552764416,0.01737017,9.661259,0.1620392,0.5432973,-9.926221
114045,0,1840,53472,66,216.9630432129,33.186794281,0.01244771,9.861417,0.01435655,0.03143084,-11.36406
112035,221262,2241,54169,116,194.772064209,27.6444320679,0.01812557,9.670302,1.380766,1.93757,-9.383045
112036,0,2241,54169,342,194.0064849854,28.0383644104,0.01979616,9.884796,0.02066713,0.1306445,-10.76871
114046,241140,1706,53442,479,213.6705169678,13.3781709671,0.01652779,9.38877,0.6817577,0.5902277,-9.61775
114047,0,1703,53799,97,211.2888183594,10.4248638153,0.01791866,9.071737,0.1285435,0.1245954,-9.976235
114048,0,2135,53827,426,217.2325134277,25.7376327515,0.0158792,9.974267,0.02108337,-0.003013059,NULL
114049,240286,1707,53885,444,215.34765625,11.2707929611,0.0159288,9.13074,0.3114297,0.4551829,-9.472554
108062,0,1927,53321,509,126.1864776611,21.3429603577,0.01642233,9.445452,0.06193556,0.1442274,-10.2864
112038,220848,2236,53729,197,189.4215240479,27.1295623779,0.01549253,9.162648,1.034428,0.7830777,-9.268844
113055,0,2241,54169,570,195.5428771973,28.1918277741,0.01913729,9.763918,0.01142405,0.04179664,-11.14278
111022,0,2509,54180,234,176.1523132324,19.7516059876,0.01907616,9.431578,0.01183668,0.06046658,-10.65006
111023,6898,2514,53882,444,178.8963928223,25.8894538879,0.01676973,9.833934,1.141905,1.343332,-9.70575
114052,240410,2131,53819,635,217.4008331299,26.0638656616,0.01614528,9.178965,0.2009001,0,NULL
107003,0,891,52584,249,119.3913574219,33.1214485169,0.01694322,9.339561,0.0924741,0.01542178,-11.15143
109037,0,1943,53386,378,143.616394043,32.4589653015,0.01580989,9.282548,0.3706125,0.276991,-9.840082
109038,0,2283,53729,40,135.8187713623,18.2610797882,0.01155079,9.207892,0.5848171,0.5465502,-9.470263
107004,170969,2080,53350,555,119.4479675293,16.0302410126,0.01609346,9.930573,0.4127054,0.5502848,-10.18999
111024,0,2508,53875,131,176.0964050293,16.5512695313,0.01290514,9.656888,0.01056185,0.01968131,-11.36283
123003,0,745,52258,389,350.1175537109,15.0724754334,0.01277209,9.574848,0.01951866,NULL,NULL
124004,0,390,51900,609,6.3933749199,0.8468470573,0.0178323,9.306691,0.3302251,0.9856826,-9.312954
112039,0,2240,53823,613,194.9900512695,28.0650997162,0.01948424,9.257136,0.0159746,0.003100872,-11.76565
112040,0,2228,53818,57,183.1014099121,28.8171043396,0.01297188,9.960587,0.8830394,1.368952,-9.824199
113056,0,1773,53112,559,200.0288238525,14.5432653427,0.01212358,9.603936,0.02177509,0.03302931,-11.08504
111025,0,511,52636,350,169.3310241699,2.8816709518,0.01977337,9.256945,0.3354595,NULL,NULL
114053,243842,1703,53799,473,210.8002929688,11.7198877335,0.01770938,9.426077,0.5882339,0.5704854,-9.669832
114054,244060,1706,53442,104,214.3281860352,12.5855293274,0.01646096,9.08503,0.2557644,0.1857809,-9.816029
111026,0,2506,54179,512,176.1047058105,19.8280773163,0.01479539,9.969691,0.01216803,0.008215302,-12.05507
109039,190201,2440,53818,262,139.7314453125,14.3048830032,0.01445874,9.128614,0.2601418,0.1776405,-9.879072
113057,231558,1805,53875,46,208.9300689697,5.7813663483,0.01677793,9.192585,0.5986598,0.7564529,-9.313803
108063,0,1927,53321,179,125.2792434692,21.1713352203,0.01624269,9.527455,0.02231568,-0.1069895,NULL
124005,0,389,51795,548,4.48082304,0.3352321088,0.01804763,9.371767,0.6484703,1.748446,-9.129115
108064,4399,1927,53321,554,126.5309906006,21.4567089081,0.01496816,9.562119,0.391003,0.5288218,-9.83881
113058,0,2104,53852,472,199.220916748,31.7110595703,0.01702243,9.317365,0.5342199,0.4939397,-9.623691
107005,170938,2264,53682,230,118.4348907471,13.3374252319,0.01526916,9.793026,0.6762699,0.7324966,-9.928221
111027,210936,2514,53882,622,179.3611907959,25.2330799103,0.01490993,9.370506,0.1975741,0.3953534,-9.77352
113059,0,2011,53499,75,195.6331939697,28.4393291473,0.01990046,9.663942,0.01005773,0.007772425,-11.77339
123004,0,681,52199,594,353.8078613281,0.0416282974,0.01769207,9.300623,0.1606719,0.7357495,-9.433893
124006,0,390,51900,374,4.9472131729,0.5907948613,0.01769955,9.75379,0.2555407,0.8030508,-9.849047
110017,0,2356,53786,326,158.913772583,28.5658073425,0.01471513,9.850099,1.175331,1.429868,-9.694803
112044,220718,845,52381,228,187.7770690918,4.588259697,0.01378305,9.382502,0.3993743,0.3583198,-9.828231
114056,245731,2135,53827,305,216.5824890137,25.4008255005,0.01662441,9.19523,0.5948536,0.4304811,-9.561276
107006,0,1920,53314,13,118.861366272,17.0602855682,0.01670651,9.530873,0.3509539,0.6184856,-9.739544
101010,0,429,51820,5,27.5652942658,13.1407928467,0.0160721,9.169858,0.05102582,0.09161402,-10.2079
101011,0,430,51877,265,27.3896713257,13.2333469391,0.01666071,9.947515,0.01591439,0.01865112,-11.67681
110018,0,2477,54058,95,160.8945465088,22.1508331299,0.0195895,9.771019,0.06132677,0.275468,-10.33095
110019,0,2353,53794,136,157.256652832,26.153503418,0.01725758,9.015772,0.05049403,0.1927847,-9.7307
113060,0,2241,54169,558,195.0773773193,27.8155403137,0.01788985,9.425605,0.01088304,0.00452883,-11.76962
109042,0,469,51913,112,135.477935791,1.1719655991,0.01935744,9.164984,0.310692,0.3007398,-9.686792
108066,0,2281,53711,329,132.0757598877,19.133562088,0.01485319,9.121749,0.01424098,0.1047754,-10.10149
109045,0,1740,53050,514,141.3142700195,10.8867273331,0.01197352,9.861918,0.1546679,0.3228687,-10.35289
124007,102002,753,52233,178,5.8119363785,14.8095397949,0.01768067,9.31554,0.5494651,0.3021679,-9.835292
109046,0,1946,53432,52,147.7591400146,30.5844154358,0.01481503,9.28461,0.6691602,0.2540015,-9.879773
114059,0,2774,54534,481,217.4570770264,19.6507549286,0.01863411,9.689896,0.09597322,0.1055588,-10.6664
112046,0,2011,53499,191,194.9172058105,28.6308116913,0.01783614,9.142054,0.8130928,0.6102548,-9.356543
108067,0,1926,53317,98,125.3157806396,21.447845459,0.01653046,9.427569,0.0200212,-0.01826887,NULL
109047,0,568,52254,291,140.6422729492,3.0836954117,0.01210173,9.021213,0.1763722,0.2099124,-9.699175
110020,0,1952,53378,321,150.9597930908,33.4011955261,0.0173359,9.34162,0.5622897,0.465748,-9.67347
110021,0,2366,53741,226,155.6084594727,21.5420398712,0.01361669,9.584435,0.01107746,0.002121283,-12.25784
109048,0,1594,52992,128,144.8693237305,33.8489646912,0.0193798,9.891697,1.504562,0.8399104,-9.967464
110022,200585,1749,53357,141,162.0584869385,13.2170209885,0.01827755,9.718535,0.754102,1.21911,-9.632492
114060,0,1838,53467,591,211.0183563232,35.0649528503,0.01303608,9.130696,0.01851783,-0.01839697,NULL
112047,0,1768,53442,127,187.8332061768,14.1955051422,0.01990338,9.34424,0.09162416,0.03423912,-10.80972
114061,240051,1703,53799,491,211.1581268311,11.6457509995,0.01539322,9.464869,1.015103,1.264744,-9.362866
108068,0,2083,53359,431,126.3290176392,20.3981227875,0.01523857,9.012608,0.03901936,0.1179493,-9.940912
107007,0,754,52232,36,114.6102371216,28.9630641937,0.01578745,9.826593,0.08219776,0.5685368,-10.07183
111031,0,513,51989,372,173.5162658691,2.9734404087,0.01982306,9.74481,0.02435006,0.03246862,-11.23335
113062,231772,2244,53795,276,200.3954925537,26.3046665192,0.01651741,9.907713,0.649636,0.6671938,-10.08346
112048,0,2237,53828,313,188.849899292,29.4920864105,0.01524291,9.648483,0.5876113,0.7960395,-9.747549
113064,8392,2104,53852,555,200.3043670654,31.2218399048,0.0168937,9.459899,0.0202843,1.184336,-9.386424
112049,0,516,52017,165,180.3454284668,1.9257389307,0.01842017,9.410812,0.1507371,0.4105584,-9.797438
108069,0,891,52584,533,120.8850784302,34.9655952454,0.01767236,9.07079,0.1069424,0.3612154,-9.513024
109050,190634,1744,53055,329,149.6509552002,13.2552757263,0.011662,9.262562,0.5432755,0.4090599,-9.650775
108071,0,1927,53321,9,126.6171035767,20.7219352722,0.01595131,9.676024,0.02405858,-0.009043172,NULL
114065,0,2135,53827,383,216.8476409912,25.8778514862,0.0132601,9.10666,0.02796727,0.1492951,-9.932614
112050,0,1987,53765,461,192.1709289551,34.4776077271,0.01417761,9.416057,1.445107,0.7023925,-9.569477
108072,180202,1927,53321,390,124.8837966919,21.3943042755,0.01364638,9.980089,0.195308,0.8608152,-10.04518
112051,0,521,52326,258,189.5922546387,1.6791758537,0.01632787,9.706269,0.01329597,0.02015103,-11.40197
112052,0,2609,54476,342,180.8556213379,20.2415237427,0.01950615,9.76037,0.0841492,-0.003316396,NULL
113066,0,2011,53499,9,196.5268859863,28.7017669678,0.01854661,9.289427,0.03430205,0.09238016,-10.32385
102000,0,404,51812,505,31.4432125092,0.6260683537,0.01951272,9.686559,0.02956787,0.01391438,-11.54309
111034,0,2506,54179,553,176.1998291016,19.6885051727,0.01627817,9.817828,0.05708081,0.5331029,-10.09102
110025,0,2350,53765,100,155.2987670898,25.4915046692,0.01945059,9.32073,0.009230388,-0.01650664,NULL
110027,0,270,51909,481,152.8244628906,0.4423973262,0.0120204,9.796802,0.1881829,1.310905,-9.679231
107009,0,1059,52618,526,117.4165267944,28.9456176758,0.01533409,9.453085,0.9252095,0.7834992,-9.559047
107010,0,890,52583,457,118.7743988037,32.7286911011,0.01784327,9.160507,0.7401165,0.6607308,-9.340483
107011,0,756,52577,59,118.1349029541,33.4816551209,0.01749763,9.35196,0.07266915,0.5340059,-9.624414
112053,222196,2238,54205,308,190.3088226318,26.7361316681,0.01584221,9.664997,0.4760911,0.3131483,-10.16925
113067,8883,2744,54272,302,209.5195922852,15.3148317337,0.01868359,9.889325,0.7543104,2.46026,-9.498344
113068,234376,2243,53794,445,198.7082061768,28.0189838409,0.01977841,9.05282,0.1123389,0.1069439,-10.02366
111035,6217,1604,53078,475,167.6883850098,12.0161428452,0.01078522,9.74917,0.1420202,1.176036,-9.678749
113069,0,2023,53851,432,199.0674743652,35.7624168396,0.01760107,9.775517,0.7280314,1.126716,-9.723703
113070,0,2011,53499,78,195.3612213135,28.4358940125,0.0192207,9.44357,0.009826978,0.05379977,-10.71279
112054,0,2660,54504,594,191.0359649658,25.4161605835,0.01738691,9.647467,0.01040208,0.01830254,-11.38496
113071,0,2104,53852,286,198.3364257812,30.5598945618,0.0198642,9.402046,0.390949,0.5532298,-9.659141
113072,0,2104,53852,195,199.338760376,31.0593738556,0.01856995,9.486726,0.6980075,0.6211721,-9.693514
111036,0,2509,54180,382,175.8052978516,20.1319255829,0.0183119,9.422849,0.01498028,0.04894032,-10.73318
110031,201297,573,52325,562,152.4428405762,5.1729273796,0.01382149,9.615572,0.6830777,0.8195212,-9.702012
110032,5567,1955,53442,512,154.7858581543,34.6750183106,0.01505097,9.848453,0.5708475,1.529308,-9.663958
112055,0,1614,53120,334,184.9137268066,13.4789552689,0.01996501,9.83308,0.009542894,0.004268698,-12.20278
109056,0,2435,53828,322,135.1745452881,17.6217823029,0.01300809,9.551298,0.6319607,0.8299137,-9.632265
112056,7430,1230,52672,7,185.5305175781,8.9905481339,0.0194602,9.647441,0.1164609,1.183209,-9.574379
111037,6449,1606,53055,246,171.6418609619,11.440073967,0.01069753,9.25456,0.1496684,0.4025715,-9.649717
108075,0,2271,53726,535,125.9151306152,18.299949646,0.01929241,9.990923,0.09004924,1.112793,-9.944509
109057,0,473,51929,146,140.0650482178,1.2888157368,0.01748733,9.920506,0.01828563,0.05402184,-11.18794
102001,122247,427,51900,412,30.2672615051,14.700961113,0.01523461,9.009212,0.07614477,0.1384542,-9.867907
109058,0,2362,53759,110,148.015838623,19.6511230469,0.01612012,9.906361,0.480917,0.5159327,-10.19377
107012,0,890,52583,281,117.4998092651,30.7468891144,0.01454612,9.999128,0.02483762,0.06743917,-11.17022
114070,0,2121,54180,75,211.9983215332,31.6460952759,0.01657971,9.653729,1.835609,0.7770709,-9.763268
109059,717794,2293,53730,461,142.3798065186,23.893579483,0.01833045,9.057071,0.1403169,0.2216524,-9.711398
109060,0,1301,52976,339,137.773223877,9.3495559692,0.01221229,9.643737,0.005721369,0.02054777,-11.33097
109061,191282,2296,53735,418,144.9874572754,24.9554443359,0.01953877,9.409271,0.5309335,1.000779,-9.408933
110034,200243,1746,53062,395,154.5980529785,13.2783746719,0.01824586,9.018072,0.03217511,0.3487733,-9.475529
111039,0,2509,54180,240,176.2006072998,19.5809516907,0.01967687,9.917293,0.0189723,0.02928816,-11.4506
108078,0,2418,53794,128,120.5914077759,10.1518507004,0.01522471,9.011273,0.05112462,0.1334318,-9.886014
112058,220247,1612,53149,610,183.8051605225,13.1845369339,0.0195672,9.761942,0.8304626,2.156785,-9.428135
114071,0,2758,54523,257,212.2938537598,17.2915782929,0.01685431,9.29874,0.01996273,0.124719,-10.20281
113074,232118,1805,53875,41,208.857925415,5.7290835381,0.01813611,9.020983,0.1925618,0.2323477,-9.654844
110036,201325,574,52355,402,153.7847900391,5.2433423996,0.01428663,9.076042,0.03061329,0.2123724,-9.748944
109062,0,1949,53433,480,149.4986572266,32.239654541,0.01499016,9.095991,2.444106,0,NULL
111040,0,2509,54180,97,177.2609863281,18.8532238007,0.01924318,9.038764,0.05187285,0.1019241,-10.03049
108079,0,1588,52965,509,131.6676330566,29.8665790558,0.01978048,9.263212,0.509331,0.4795936,-9.582338
111041,0,2508,53875,233,174.9846343994,16.9550094605,0.01062913,9.013782,0.4927312,0.7079019,-9.163809
113075,0,2016,53799,35,198.4906158447,35.3146514893,0.01697419,9.137657,0.3835307,0.2503208,-9.739161
111042,214010,581,52356,519,167.2619781494,5.0316367149,0.01920397,9.162026,0.3372563,0.5077657,-9.456363
108080,0,2419,54139,280,120.393699646,9.304851532,0.01531348,9.313442,0.03650229,NULL,NULL
109064,0,1740,53050,571,141.4520721436,11.4542350769,0.01079413,9.458057,0.004961237,0.004651673,-11.79045
109065,190517,1305,52757,5,146.9654846191,8.830789566,0.01814077,9.5456,0.9662958,1.456944,-9.382157
112060,0,2240,53823,513,194.6600646973,27.5441036224,0.01991322,9.953501,0.02547358,0.02684532,-11.52463
114072,241133,2744,54272,90,210.9434356689,14.8681049347,0.01464606,9.066956,1.392099,0.5689653,-9.31187
114073,9008,1703,53799,117,211.2575836182,11.0118780136,0.01783709,9.556159,0.08880759,0.8138008,-9.645641
109066,0,2284,53708,636,137.3486480713,22.5139350891,0.01489479,9.985227,0.3984007,0.4113566,-10.37101
124009,0,751,52251,219,1.5817140341,14.3274297714,0.01817357,9.656278,0.08206163,0.03754508,-11.08173
114074,240393,2134,53876,185,217.1285247803,27.2659225464,0.01298364,9.220699,0.4970958,0,NULL
114075,0,1703,53799,510,211.2933044434,11.7713699341,0.01741475,9.22683,0.1348342,0.4544646,-9.56933
112062,0,2240,53823,502,194.6622772217,27.9538726807,0.0199885,9.293571,0.01307254,0.06728773,-10.46564
109067,0,470,51929,389,135.4383239746,0.5218703747,0.01849118,9.402597,0.8467205,0.6787571,-9.570883
101012,0,429,51820,47,27.260515213,12.9275178909,0.01737405,9.825233,0.01603024,0.04079426,-11.21463
109068,0,1274,52995,164,141.4272918701,35.3060379028,0.01633792,9.244196,0.1847311,0.2659215,-9.819443
109069,0,2292,53713,233,143.7763366699,21.6276664734,0.01203591,9.195748,0.143817,0.2853893,-9.740311
112064,0,2011,53499,188,194.7337646484,28.463634491,0.01972125,9.347321,0.06113925,0.1984411,-10.04969
114076,714080,1707,53885,36,216.5892333984,10.1633358002,0.01615214,9.182854,0.2386987,NULL,NULL
114077,0,2135,53827,356,216.5644836426,25.466545105,0.01647562,9.187661,0.2042961,0.2269805,-9.831673
111044,6795,2514,53882,352,177.3420257568,24.9384727478,0.01991236,9.636344,0.7607993,1.03626,-9.620875
124010,230,753,52233,460,5.9974722862,15.7704458237,0.01770679,9.929251,1.305931,3.718312,-9.358905
114078,248875,1703,53799,575,211.425994873,12.2419319153,0.01755319,9.373179,0.3802945,0.3725418,-9.802005
110038,0,2372,53768,387,150.5678710938,19.2156581879,0.01657639,9.99789,0.5071893,1.021101,-9.988821
113080,0,2009,53857,197,197.2804870605,28.6684684753,0.01874064,9.192173,0.1395919,0.04096721,-10.57974
112065,0,1763,53463,586,180.2834625244,15.3982486725,0.0172285,9.669611,0.0412126,0.02666378,-11.24369
109070,191735,1303,53050,640,144.2596893311,9.5400075912,0.01852265,9.666807,0.3654771,0.2982073,-10.19229
110039,0,2477,54058,43,161.1340637207,21.7585887909,0.01852581,9.14115,0.296531,0.1850858,-9.873776
109071,0,1595,52999,100,147.3267974854,35.1787986755,0.01525075,9.29265,0.2837397,0.2649734,-9.869448
113081,0,2743,54259,148,209.3475036621,15.4592676163,0.01789381,9.164417,0.02033996,0.0852379,-10.23378
112068,0,517,52024,266,181.0405731201,1.825976491,0.01717741,9.674924,0.6897157,0.7603287,-9.793922
122002,0,739,52520,152,340.2944030762,13.3399000168,0.01733703,9.465688,0.5399706,0.8804655,-9.520975
111045,724244,2514,53882,120,179.1181030273,24.6649188995,0.01698513,9.092886,0.2036527,0.174566,-9.850926
110040,200351,1746,53062,594,156.2872161865,13.601398468,0.01860469,9.832184,0.3571002,0.462298,-10.16726
101013,0,399,51817,450,21.4155197144,1.1780998707,0.01949208,9.840332,0.819238,0.9717034,-9.852798
109072,0,1944,53385,531,145.1326293945,28.9693317413,0.01886807,9.676524,0.4569725,0.8513517,-9.746415
107015,0,1060,52636,532,119.0454483032,30.212802887,0.01662313,9.551772,0.3295187,0.6604118,-9.731957
113082,0,2028,53818,93,206.7788848877,33.880443573,0.01506655,9.490806,0.7354109,0.9229036,-9.525649
108082,180196,1585,52962,484,124.8146896362,24.7926521301,0.01551918,9.824915,0.1927925,1.501883,-9.648279
113083,0,525,52295,258,197.3932342529,1.6236906052,0.01981813,9.24227,0.3518196,0.3008144,-9.763971
124011,466,393,51794,464,10.9661521912,0.8019571304,0.01813772,9.873045,0.3430916,0.9036138,-9.917062
113084,0,2110,53467,118,202.9834442139,31.0328998566,0.01556076,9.133303,0.3273031,0.3023712,-9.652762
111047,0,283,51959,426,175.7247161865,0.1618604809,0.01847006,9.157209,0.5155017,0.6330112,-9.355798
109073,190462,1305,52757,228,145.8741912842,9.4207878113,0.01096739,9.917467,0.01013211,0.01334413,-11.79218
108084,180018,2419,54139,94,120.9849090576,8.6995925903,0.01656087,9.755807,2.319317,1.656309,-9.536666
108085,180598,1927,53321,514,125.9677124023,21.4186592102,0.01699542,9.353283,0.1399298,0.1456237,-10.19005
108086,0,1927,53321,378,125.2054901123,22.6577644348,0.01381528,9.77505,0.8889147,1.415806,-9.624046
112070,7031,2228,53818,302,180.8397827148,29.4198074341,0.01194008,9.46579,0.3989148,0.458954,-9.804021
110041,5800,2352,53770,600,159.9126434326,25.3227386475,0.01733419,9.93393,1.831176,1.98605,-9.635941
109074,4959,1195,52724,237,140.1341552734,7.0740718842,0.01843517,9.88976,0.4760144,1.301978,-9.775156
112071,0,2608,54474,631,181.8274230957,20.3714122772,0.01083258,9.004076,0.2104021,0.09022543,-10.04875
109075,0,2582,54139,444,147.1437835693,14.8990907669,0.01951662,9.7702,0.02204652,0.05409858,-11.03701
108087,0,1926,53317,212,124.7841873169,21.8463306427,0.01428432,9.463485,0.06466809,0.2193531,-10.12234
112072,7032,2595,54207,137,180.8638763428,16.4857177734,0.0134834,9.973159,0.9415862,1.654211,-9.754568
112073,0,517,52024,236,181.1227874756,1.9400012493,0.01726595,9.734193,0.01229306,0.01539725,-11.54675
109076,190161,1739,53050,23,139.198348999,9.8913202286,0.01756686,9.718135,0.1184841,0.6213536,-9.924796
108088,180363,2425,54139,602,128.5724945068,14.5479221344,0.01509643,9.511554,0.2072145,0.2426093,-10.12665
112074,0,520,52288,401,187.7294311523,3.4918518066,0.01744784,9.582801,0.7092022,0.706267,-9.733832
110043,202002,2352,53770,251,158.4736328125,24.0220985413,0.01785252,9.90024,0.5749235,0.8496907,-9.970979
113085,0,2093,53818,233,197.5995635986,33.336063385,0.01599894,9.065483,0.1308007,0.2008705,-9.762567
108089,4504,2277,53705,378,129.4290466309,20.5038509369,0.01574007,9.521655,0.008199549,0.4409457,-9.87727
109077,192407,1306,52996,209,147.8265075684,9.1392316818,0.01779993,9.504068,0.1356969,0.2005396,-10.20187
113087,0,2242,54153,144,196.454574585,26.4310340881,0.01987377,9.287602,0.005805106,0.02940937,-10.81912
124012,101904,751,52251,211,1.6220773458,14.1823682785,0.01776226,9.744797,0.0274992,0.3115958,-10.25121
111048,0,2508,53875,398,175.0238342285,17.6933498383,0.01291113,9.227022,0.2596331,0,NULL
110044,201303,573,52325,610,152.6549835205,5.1506328583,0.01370451,9.242023,0.7264071,0.9462364,-9.266023
124013,0,393,51794,362,10.6293725967,1.0771454573,0.0174587,9.951153,0.02120167,0.01299977,-11.83722
114085,0,1708,53503,320,215.3278198242,12.5059556961,0.01645106,9.3141,0.361618,NULL,NULL
113088,0,2242,54153,453,196.1537475586,28.2505187988,0.01874297,9.282778,0.01485183,0.007096032,-11.43176
114086,0,1838,53467,551,210.8114471436,35.0977287293,0.01451255,9.352046,0.04197204,0.1880417,-10.07779
102002,2404,708,52175,567,43.9536590576,1.0794068575,0.01677653,9.866894,0.1897187,0.4620614,-10.20219
108090,180934,1756,53080,225,121.8534088135,6.8632092476,0.01498656,9.823525,0.1933482,0.4901269,-10.13322
108091,0,757,52238,34,120.1951293945,35.52942276,0.01748764,9.13035,0.2039107,0.1531894,-9.945122
114088,0,1838,53467,603,211.1541290283,35.5455207825,0.01408049,9.557507,0.3542502,0.4434957,-9.910617
112076,0,2230,53799,320,182.3942871094,29.3365840912,0.01284433,9.186255,0.008311514,0.07531636,-10.30937
112077,0,517,52024,233,181.1284332275,2.3433980942,0.0199654,9.125648,0.2992403,0.3932136,-9.53102
101014,0,396,51816,636,17.7117595673,0.1981414258,0.017625,9.754879,0.2787597,0.8620988,-9.819322
110046,0,2372,53768,321,150.7162322998,20.2015781403,0.01647342,9.107516,0.1457102,0.2971019,-9.634611
109079,0,2584,54153,401,149.2514953613,15.5556583405,0.01445513,9.207758,0.2642288,0.24818,-9.812991
112078,220374,1230,52672,84,184.9339447021,9.148607254,0.01960878,9.745686,0.8341038,1.87951,-9.471641
108093,0,1929,53349,522,128.8757629395,23.6762084961,0.0167682,9.9385,0.7226868,2.8054,-9.490505
114089,242111,2127,53859,478,213.7545471191,26.7168598175,0.01741468,9.552571,0.1738161,0.2831026,-10.10063
112079,0,517,52024,169,181.3647003174,1.9481346607,0.01862302,9.730027,0.01288606,0.006084372,-11.94581
112080,0,2660,54504,442,190.3706054688,26.0886077881,0.01644461,9.952641,0.6344832,0.9565086,-9.971952
110047,0,2350,53765,136,155.0152740479,25.5717411041,0.01810709,9.266663,0.1720284,0.07830323,-10.37288
114090,244381,1708,53503,565,217.1976165771,13.8211984634,0.01758545,9.247815,0.3142824,0.5406457,-9.514902
114091,0,2128,53800,542,214.676651001,24.9221801758,0.01499978,9.063853,0.1402039,0.1852167,-9.796173
113089,0,530,52026,38,208.2536468506,2.262237072,0.01460306,9.108644,0.03629444,0.4399532,-9.465237
113090,0,2093,53818,420,197.9688110352,34.0335769653,0.01697911,9.322244,0.2300224,0.4392489,-9.679533
108094,4545,2428,53801,416,130.7349395752,13.6415901184,0.0168081,9.678985,2.580478,1.418287,-9.527221
112081,227479,2660,54504,545,190.9296569824,25.4714717865,0.01735059,9.929501,0.3223667,0.5553926,-10.1849
123006,330123,744,52251,218,348.446105957,13.6876144409,0.01535167,9.844591,1.221041,1.442128,-9.685587
111049,0,2655,54184,356,179.4853973389,25.0682868958,0.0138497,9.684562,0.005758508,0.03010895,-11.20587
109080,5324,2584,54153,248,148.6923828125,13.3747520447,0.01986009,9.52253,0.7137401,0.6180608,-9.731499
109081,5342,2583,54095,62,149.1770324707,15.6364822388,0.01521956,9.222721,4.607445,2.255303,-8.869516
123007,12705,747,52234,133,354.1547241211,14.1572751999,0.01326291,9.363854,0.1646456,NULL,NULL
112082,0,517,52024,91,182.1781921387,1.4563368559,0.01847933,9.112957,0.2038169,0.2739075,-9.675353
109082,193880,2578,54093,541,142.3871459961,13.1927995682,0.01981419,9.68895,0.2407244,0.2308694,-10.32558
113091,0,2742,54233,612,207.7048034668,17.2820930481,0.01748235,9.164159,0.3697431,0.2992359,-9.688145
109083,192466,1300,52973,592,137.0224761963,8.5106687546,0.01815467,9.810083,0.993162,0.7228686,-9.951024
114094,9257,2133,53917,335,216.7895965576,30.9482135773,0.01366233,9.389032,0.7456587,0.912441,-9.428827
114095,241200,2128,53800,441,214.0596923828,25.5456142426,0.0173433,9.835031,0.719151,1.170996,-9.766475
114096,0,2135,53827,360,216.4782714844,25.7680149078,0.01558544,9.332353,0.01133548,0.01046181,-11.31275
107016,0,891,52584,206,119.8588485718,32.9690361023,0.01807039,9.356265,0.3243546,0.3054234,-9.871363
109084,193098,570,52266,494,145.7856750488,3.9402377605,0.01961046,9.04043,0.12094,0.2615907,-9.622808
113092,0,2110,53467,372,201.8306274414,31.7883167267,0.01537,9.073445,0.2467687,0.2762121,-9.632202
114097,8951,1807,54175,115,210.7121429443,8.7798185349,0.01959128,9.5114,0.2887022,0.3591457,-9.95613
108097,0,1185,52642,393,125.5079421997,4.3925728798,0.01416982,9.344268,0.08527665,0.2543392,-9.938854
124014,618,395,51783,522,14.9255161285,0.9166085124,0.01763613,9.493899,0.07797226,1.038052,-9.47768
108098,180939,930,52618,136,122.1950912476,28.0789794922,0.01871277,9.060228,0.3370622,0.7992248,-9.157559
114098,240004,1704,53178,366,210.6475830078,14.5350465775,0.01333404,9.390776,0.1990582,0.3464596,-9.851123
101015,0,399,51817,437,20.6675128937,0.7211850882,0.01785018,9.892576,0.09825397,0.08281397,-10.97447
107017,170350,890,52583,411,118.5849761963,32.7746238709,0.01774146,9.153337,0.3201622,0.2770889,-9.710717
108099,0,931,52619,145,125.0580062866,30.4175033569,0.01963206,9.335853,0.0305225,0.1389663,-10.19294
113093,0,294,51986,577,197.3322753906,0.8837170601,0.01846604,9.044086,0.01073989,0.0438239,-10.40237
111053,0,1605,53062,60,170.4155883789,11.4901742935,0.01987824,9.290946,0.2765414,0,NULL
108100,180197,1927,53321,298,124.8044204712,20.7574748993,0.01680597,9.49586,0.1927348,0.1948904,-10.20607
114099,0,2758,54523,225,212.4188842773,17.518705368,0.01461654,9.613688,0.02694139,0.13191,-10.49341
124015,0,391,51782,542,7.7173600197,0.5287151337,0.01914305,9.052558,0.4934238,0.4244476,-9.424734
122003,0,379,51789,196,343.2631530762,0.0444123112,0.01626121,9.094082,0.01428105,0.08440886,-10.16769
108101,0,1927,53321,584,126.755821228,21.70677948,0.01525247,9.990722,0.5772449,2.960043,-9.519423
114100,0,2772,54529,524,213.4155731201,20.9321250916,0.01581035,9.247022,0.1868616,0.2545314,-9.84128
112083,0,520,52288,579,188.6703948975,3.3236501217,0.01563314,9.844289,0.7013424,0,NULL
124016,100468,393,51794,366,10.4421768189,1.1770720482,0.01795317,9.862911,0.7183732,1.148776,-9.802675
109085,0,473,51929,576,140.7838287354,2.4861094952,0.0172151,9.645633,0.2218503,0.6188597,-9.85404
114101,0,2125,53795,317,211.2088928223,31.0651187897,0.01455844,9.521629,0.7566937,0,NULL
109086,0,1591,52976,508,137.3895111084,32.5063552856,0.01426227,9.634135,0.1027614,0.4291065,-10.00157
112084,0,2241,54169,115,194.7929534912,27.6198787689,0.0191456,9.930723,0.01624202,0.03641983,-11.36939
107019,0,858,52316,234,117.1774673462,26.5397891998,0.01549638,9.163729,0.1003275,0.08888041,-10.21492
110049,201581,578,52339,509,160.912612915,4.9704818726,0.01918732,9.739801,0.2799046,1.035739,-9.724551
109087,0,471,51924,151,137.2265319824,1.4325580597,0.01640724,9.299582,0.2216767,0.1787854,-10.04725
110050,0,275,51910,556,161.9775543213,0.8125196099,0.01619722,9.461214,0.491168,0.8470629,-9.533298
108102,0,859,52317,23,120.2216873169,28.1303577423,0.01706279,9.785347,0.07495491,0.390578,-10.19364
111054,724143,2510,53877,628,178.0108795166,25.7511196137,0.01892076,9.146111,0.3980981,0.710003,-9.29485
113096,0,2641,54230,89,203.4837493896,17.7127246857,0.01538752,9.942428,0.4984138,0,NULL
113097,0,2011,53499,73,195.6589660645,28.5019130707,0.01921797,9.410975,0.01237457,0.05139549,-10.70005
111055,0,2500,54178,324,171.1879577637,22.8719062805,0.01929059,9.418401,0.2355538,0.3412137,-9.885374
113098,0,2009,53857,58,198.396987915,29.1265296936,0.01999333,9.857445,0.1329812,0.3236966,-10.34731
108103,0,1927,53321,184,125.1437301636,21.1054935455,0.01686381,9.333797,0.004959639,0.05694866,-10.57831
114102,0,2758,54523,227,212.4106292725,17.6100330353,0.0185059,9.169515,0.007532862,0.03340047,-10.64576
123008,332826,748,52233,102,356.7160949707,14.4806966782,0.01961173,9.434774,0.1302507,0.3245743,-9.92346
107020,0,859,52317,484,119.6072387695,28.7036705017,0.01401631,9.108685,0.1720205,0.2879831,-9.649319
109088,191417,2584,54153,521,149.7222137451,15.3799467087,0.01551918,9.52267,0.5368835,0.4688652,-9.851622
124017,100686,420,51871,593,14.4245080948,15.0680494309,0.0182259,9.614721,0.4358832,0.6215244,-9.821263
124018,0,391,51782,583,7.7525305748,0.4357150495,0.01916992,9.339138,0.2793445,0.2911832,-9.874971
109089,5021,1740,53050,573,141.4472045898,11.4245767593,0.01252454,9.870779,0.01445041,0.2518558,-10.46963
101016,0,429,51820,60,27.3288917542,13.0477790833,0.01781302,9.716373,0.00864331,0.0424608,-11.08839
107021,170971,929,52581,260,119.5206222534,26.5706596375,0.01524246,9.315713,0.6065968,0.6213371,-9.522386
114104,0,1807,54175,32,211.053604126,8.5172252655,0.01614859,9.123916,0.1050679,0.110331,-10.08122
112085,0,517,52024,77,182.3047027588,1.8365678787,0.01940075,9.002361,0.1201518,0.1751113,-9.759048
109090,5017,1740,53050,558,141.3534545898,11.0737686157,0.01063125,9.426019,0.01699417,0.1514656,-10.2457
114105,0,2761,54534,332,217.2349243164,17.6952953339,0.01888187,9.106197,0.0224802,0.1131263,-10.05263
110051,0,2354,53799,115,158.930480957,29.5919399262,0.0147371,9.508086,0.1906953,0.2310012,-10.14447
109091,0,475,51965,405,142.0204162598,2.5806560516,0.01183405,9.103988,0.1871673,0.216841,-9.767846
108105,4400,1927,53321,549,126.5233230591,21.6675815582,0.01458237,9.066053,0.2258344,0.3987841,-9.465316
101017,0,430,51877,299,27.4743099213,12.9760379791,0.01564876,9.351511,0.009833545,0.01276682,-11.24543
110052,0,506,52022,153,160.993347168,1.9358278513,0.0194274,9.140743,0.2081326,1.378773,-9.00125
107022,0,1060,52636,72,119.1045913696,29.4691543579,0.01426988,9.239443,0.4857358,NULL,NULL
101018,0,430,51877,294,27.653678894,13.1102304459,0.01648774,9.249792,0.1084052,0.1216249,-10.16477
111057,210806,1609,53142,427,177.1351928711,12.7052927017,0.01463453,9.286787,0.2231311,0.3392414,-9.756278
108106,0,1923,53319,624,122.5291671753,18.6383552551,0.01626238,9.848281,2.152237,0.2991628,-10.37237
109092,191269,1944,53385,191,144.5109863281,27.6565742493,0.01795394,9.69856,0.3852832,0.4962626,-10.00285
112086,0,291,51928,329,189.9406585693,0.8982376456,0.01595755,9.2872,0.1763519,0.2298049,-9.92584
111058,0,511,52636,22,170.9608001709,1.7342965603,0.01996479,9.779684,0.4040174,0.8471041,-9.851748
114107,9243,1840,53472,544,216.3884429932,33.8481216431,0.01109159,9.022676,0.01998021,0.2892502,-9.561401
109093,0,475,51965,604,143.5015563965,2.4772922993,0.01631514,9.093698,0.07959212,0.5348014,-9.365505
112088,7192,1612,53149,146,182.9483947754,12.1437129974,0.01337584,9.843071,0.08613905,0.6147444,-10.05438
101019,0,430,51877,315,27.3346290588,13.2984991074,0.01705513,9.062301,0.01273474,0.1366616,-9.926654
108108,0,1584,52943,34,123.1062774658,22.6063117981,0.01566649,9.166313,0.1112654,0.4741131,-9.490431
123009,0,382,51816,437,348.638092041,0.2360128462,0.01465049,9.738234,0.3706893,1.674319,-9.514396
108109,0,1927,53321,311,124.6074295044,20.7875022888,0.01612445,9.606385,0.2761278,0.124873,-10.50992
108110,188781,2429,53799,581,132.1157836914,16.1921463013,0.01970852,9.064631,0.02425716,0.1699132,-9.834403
108111,0,2419,54139,276,120.3192062378,9.2648181915,0.01551818,9.953118,0.1495409,NULL,NULL
111059,0,514,51994,291,175.2073059082,1.7588754892,0.01988713,9.865076,0.07202446,NULL,NULL
108112,4249,2267,53713,514,122.3082504272,16.9875640869,0.01618256,9.986474,0.5423256,0.8548839,-10.05457
109094,0,572,52289,290,148.9429168701,3.4047951698,0.01706674,9.255907,0.3871686,0.2837344,-9.802995
114108,0,1643,53143,135,213.5615539551,35.4236564636,0.01062389,9.857044,0.2050077,0.5354312,-10.12834
111060,0,2509,54180,349,175.476272583,20.3431415558,0.0197658,9.541118,0.07650329,0.1121811,-10.4912
112089,0,2238,54205,70,192.6109161377,26.7353343964,0.01941372,9.056561,0.005493258,0.01977536,-10.76044
109095,0,473,51929,148,139.9255828857,1.3258063793,0.01649534,9.246996,0.03773028,0.0900251,-10.29263
110053,0,2484,54144,305,162.5953063965,20.2671375275,0.0197254,9.081539,0.1151994,0.3465613,-9.541759
101020,0,399,51817,408,21.1283226013,0.8342684507,0.01690784,9.076594,0.4664661,0.5109306,-9.368233
122004,320411,379,51789,443,343.2686767578,1.1444324255,0.01542856,9.513809,0.05230824,-0.0457692,NULL
110054,0,2477,54058,152,161.0102539062,22.2575416565,0.01961733,9.753099,0.60349,0.4222882,-10.12749
114109,9186,2128,53800,11,215.2252044678,23.6027431488,0.01515947,9.731236,0.2998334,0.4010573,-10.12803
113100,221402,2241,54169,77,195.1486663818,27.5742416382,0.01699532,9.894253,0.5513408,0.9847918,-9.900908
123010,12481,744,52251,64,349.4016418457,14.0011978149,0.01471145,9.941844,1.517225,2.405684,-9.560605
112090,0,2228,53818,318,180.5938262939,29.8617706299,0.01041761,9.98056,0.7487212,1.457045,-9.817087
111061,0,2509,54180,386,175.7124176025,20.4421863556,0.01904912,9.066431,0.0334819,0.3618986,-9.507844
108113,0,931,52619,131,124.6073913574,29.9595565796,0.0199058,9.879421,0.3263023,0.8952782,-9.927464
108114,0,1927,53321,263,124.8511962891,21.0035629273,0.01303087,9.674735,0.003653087,0.002126118,-12.34715
112091,0,516,52017,97,180.6363067627,1.7488071918,0.01916193,9.001998,0.02277771,0.1352756,-9.870779
111062,210158,2214,53794,244,168.1694946289,25.4979686737,0.01435838,9.455603,0.3776766,0.3442289,-9.918756
113101,0,528,52022,155,204.3134460449,2.4296514988,0.01799437,9.021599,0.194796,0.1920615,-9.738158
111063,0,2655,54184,395,179.6059570312,25.097650528,0.01408345,9.613108,0.2067331,0.2483612,-10.21802
113102,0,2104,53852,573,200.1246337891,31.9553794861,0.01654327,9.327374,0.08593895,0.1209986,-10.24459
112092,0,2230,53799,191,183.3833770752,29.4820365906,0.01305351,9.218273,0.5151694,0.4552121,-9.56006
109097,0,1304,52993,100,144.6435546875,8.8878993988,0.01076986,9.950481,0.09171915,0.01556892,-11.75822
110055,0,505,52317,456,158.854598999,3.2944309711,0.01888108,9.096039,0.190051,0.1323409,-9.974345
112093,0,291,51660,349,189.797454834,0.7174817324,0.01694742,9.889406,0.0202843,1.867295,-9.618194
110056,0,1598,53033,376,155.4774017334,11.4655218124,0.01697103,9.01304,0.2045173,0.05630146,-10.26252
113103,0,529,52025,187,205.4951934814,2.3123660088,0.01719408,9.240065,0.3599069,0.442591,-9.594062
111064,211038,2214,53794,568,169.2303619385,27.5724163055,0.01267401,9.150029,0.1739122,0.2854257,-9.694536
122005,11992,737,52518,326,335.1972351074,14.2346401215,0.01199273,9.173071,0.04042314,0.3497452,-9.629319
109098,0,566,52238,600,137.2125854492,3.4483811855,0.01282318,9.45386,0.1247441,0.3033707,-9.971887
109099,0,473,51929,84,140.138671875,0.7210369706,0.01719962,9.018043,0.05186806,0.1173983,-9.94838
111065,0,2508,53875,421,175.1944732666,17.795917511,0.01163962,9.615661,0.0202843,1.484577,-9.444057
101021,0,398,51789,516,19.223274231,0.1531272233,0.01895591,9.219522,0.185742,0.29978,-9.742719
109100,190788,2583,54095,300,146.6292572021,15.8863248825,0.01268292,9.507858,0.2007382,0.2430462,-10.12217
109101,0,2284,53708,174,136.0202484131,22.0615768433,0.01037601,9.008195,0.2341262,0.267131,-9.58147
108115,0,2267,53713,582,122.8210983276,16.9394416809,0.01588442,9.148467,0.1909458,0.3338515,-9.624914
113104,0,2653,54230,440,202.5498352051,21.6022014618,0.01892762,9.072053,0.0901426,0.09951159,-10.07418
109102,0,568,52254,308,140.3143920898,3.1510901451,0.01174206,9.377235,0.3265578,0.7373453,-9.509564
114111,240411,1708,53503,601,217.4606933594,13.7996578217,0.01751123,9.273209,0.5234197,0.6270677,-9.475894
110057,0,2353,53794,83,157.3460845947,26.0704498291,0.01660203,9.363987,0.1860673,0.2617886,-9.946036
112094,0,2011,53499,237,194.5806427002,28.6985282898,0.01930469,9.109933,0.05387411,0.02992593,-10.63389
114112,0,2133,53917,238,217.0680541992,29.7318592072,0.01406426,9.012104,0.05804571,0.08755333,-10.06983
110058,0,1746,53062,394,154.5798950195,13.2312574387,0.01828882,9.05314,0.2681699,0.1910379,-9.77202
113105,0,2770,54510,202,209.2730865479,19.5439605713,0.01727368,9.136897,0.390724,0.296272,-9.665207
110059,0,2019,53430,130,159.8047790527,31.114025116,0.01892377,9.41473,0.03042356,0.3418599,-9.880882
109103,0,477,52026,322,144.1697387695,2.7035501003,0.0189364,9.45266,0.1604575,0.3475178,-9.911682
101023,0,398,51789,616,20.4521694183,0.9431899786,0.0192795,9.557057,0.2488285,0.2437852,-10.17005
109104,0,2285,53700,68,137.0254058838,18.8489971161,0.01380175,9.349668,0.04760911,0.4721143,-9.67562
111066,0,1604,53078,7,168.4900512695,10.8717327118,0.01980085,9.25457,0.1446805,0.2266495,-9.899216
111067,213092,1223,52781,499,172.4091796875,9.967590332,0.01967156,9.268587,0.268102,0.2104077,-9.945525
109105,0,1211,52964,154,135.075668335,34.670791626,0.01066384,9.070861,0.2847083,0.1844435,-9.804997
107024,0,755,52235,639,117.405418396,32.7386703491,0.01462954,9.399076,0.338618,0.5619478,-9.649381
109106,0,2584,54153,298,148.4645385742,13.6151065826,0.0162524,9.646935,0.8253727,1.150818,-9.585928
113107,0,531,52028,280,208.7361755371,2.0957064629,0.01460503,9.008447,0.3344183,0.2350893,-9.637214
111068,0,514,51994,425,175.4674072266,2.5819478035,0.01977145,9.179672,0.1069326,0.7533286,-9.302688
112095,7012,2225,53729,501,180.5131225586,29.8479862213,0.01023508,9.223711,0.2826963,0.8337674,-9.302666
108116,0,2419,54139,500,120.8651809692,9.7099647522,0.01453429,9.369645,0.170624,0.2118709,-10.04357
114113,240018,1703,53799,458,210.7910461426,12.1704015732,0.01712085,9.072095,0.4851769,0.317415,-9.570468
109107,0,1595,52999,95,147.3070373535,35.0429801941,0.01555227,9.886776,0.4583741,0.5633985,-10.13596
108117,0,2429,53799,595,131.7894592285,16.3449707031,0.01990871,9.553079,0.6254608,0.8435986,-9.626943
113108,0,2024,53503,296,205.5227508545,32.0286903381,0.01563126,9.270407,0.3431706,0.3563211,-9.718565
114114,9138,2786,54540,451,214.1967163086,23.0024814606,0.01535831,9.992966,0.5513662,1.061416,-9.96708
124021,100763,394,51812,420,12.7150611877,0.851207912,0.01526335,9.004966,0.103937,0.1505348,-9.827329
113109,231576,1805,53875,632,209.4676055908,7.4135069847,0.01560619,9.810108,0.3478245,0.59058,-10.03883
113110,0,2104,53852,511,199.9764862061,31.234960556,0.01853696,9.502762,0.1429421,0.2649109,-10.07966
114115,0,532,51993,535,212.1365814209,3.024296999,0.01753128,9.647295,0.3652751,0.549134,-9.907617
110061,0,1952,53378,126,152.2563934326,32.4917068481,0.01968691,9.746409,0.2684603,1.760238,-9.500838
101024,0,429,51820,118,27.3234596252,13.4666547775,0.01663708,9.283837,0.01896226,0.09937405,-10.28656
108118,0,1927,53321,432,125.3291320801,21.4468746185,0.01515468,9.686052,0.06646302,-0.02292011,NULL
113111,0,2009,53857,254,196.1622161865,29.2248744965,0.01924135,9.595859,0.04520225,0.1259557,-10.49564
113112,0,525,52295,272,197.5807342529,2.0259656906,0.01836887,9.344052,0.2281971,0.692715,-9.503498
111069,6437,2495,54175,25,171.4429016113,18.939994812,0.01781364,9.784001,0.4452153,0.9477801,-9.807294
109108,191848,1305,52757,433,146.080947876,9.9847888947,0.01021397,9.615812,0.8004425,0.115389,-10.55365
109109,721719,2341,53738,518,148.1688690186,25.0895366669,0.0195529,9.081582,0.216242,0.7197527,-9.224399
109110,0,473,51929,210,139.7763061523,0.677660048,0.01759194,9.082994,0.03391408,0.1332814,-9.958225
113113,8250,2029,53819,606,197.5839080811,32.4831962585,0.01755733,9.89322,0.6033511,1.258536,-9.793354
113114,230082,2009,53857,205,196.6590270996,28.8484668732,0.01598473,9.032011,0.4713571,0.7378935,-9.164018
111070,6806,2514,53882,339,177.5840759277,25.9618682861,0.01253917,9.358546,0.6538379,0.6100857,-9.573155
101025,790,695,52202,410,18.6557579041,1.1814939976,0.0154446,9.836676,0.05952646,1.136646,-9.781051
111071,6627,1755,53386,1,174.9812774658,13.4672336578,0.01180152,9.008116,0.1280973,0.1138962,-9.951607
101026,1364,430,51877,405,28.515291214,14.9094896317,0.01700204,9.208248,0.2060203,0.3434345,-9.672404
112097,0,286,51999,547,182.0165252686,0.6975932121,0.01966596,9.123469,0.4802088,0.4791531,-9.442995
111072,0,513,51989,466,173.7708435059,2.5511496067,0.0174139,9.08324,0.3699304,0.9516594,-9.104758
110062,0,577,52367,419,159.2888641357,5.4299201965,0.01913516,9.013873,0.02158192,0.1184131,-9.940474
101027,0,397,51794,520,18.1403656006,0.2933907807,0.01906302,9.411549,0.4591452,0.5540555,-9.667995
109112,0,1274,52995,44,141.5345611572,34.8953933716,0.01638531,9.463996,1.526722,0.7602304,-9.583051
112098,0,520,52288,489,187.8359375,3.1249072552,0.01743314,9.134426,0.09388801,0.140598,-9.986447
108119,180916,2419,54139,46,121.0626373291,8.7320652008,0.01572973,9.088653,0.2793959,0.4772436,-9.409912
112099,0,521,52326,291,189.4021148682,1.5888899565,0.01705606,9.528315,0.06334612,0.1709431,-10.29546
111073,0,2512,53877,184,177.9787750244,16.8458900452,0.01197425,9.614167,0.1883996,0.1521921,-10.43178
114116,0,2123,53793,449,211.8042297363,28.6372032166,0.01810867,9.432227,0.2325038,0.4581194,-9.771249
111074,6950,2226,53819,386,179.5217895508,27.8788642883,0.01117945,9.968719,1.419711,3.44316,-9.431763
110063,201681,1002,52646,292,163.8025817871,5.8625597954,0.01165134,9.173743,0.2795182,0.2575853,-9.762822
114117,248941,2746,54232,627,216.5724029541,15.686044693,0.01980527,9.215815,0.2243727,0.2409186,-9.833944
114118,240053,2123,53793,375,211.1535339355,27.9017753601,0.01522464,9.290607,0.3621847,0.3033664,-9.80864
112100,0,844,52378,82,184.6253967285,4.306801796,0.0190838,9.143075,0.3520952,0.2854928,-9.68748
114119,0,1644,53144,247,215.4819946289,34.8053359985,0.01044906,9.335034,0.03626269,0.1253435,-10.23693
109113,0,1593,52991,33,144.0227203369,33.9614257813,0.01252155,9.235935,0.1476455,0.5978088,-9.459373
110064,0,2480,53851,345,160.5021972656,16.60430336,0.01936227,9.082289,0.1836285,0.2610287,-9.665601
110065,0,2366,53741,527,156.4347229004,23.0414371491,0.01792965,9.573602,0.2372357,0.265328,-10.14982
111075,6847,2514,53882,240,178.1583557129,24.3076324463,0.01645465,9.546099,0.2966813,0.5656078,-9.793583
114120,0,2745,54231,325,212.2374572754,16.44190979,0.0170343,9.413164,0.6464874,0.4496624,-9.760278
107026,0,1060,52636,494,118.6375808716,29.7107830048,0.01666828,9.369679,0.5584446,NULL,NULL
112101,0,2230,53799,255,183.307723999,28.8358802795,0.01269425,9.606528,0.1711355,0.7573353,-9.72724
108120,0,2271,53726,549,125.9494476318,17.9907093048,0.01543341,9.036322,0.2826833,0.7929296,-9.137087
111076,0,2492,54178,526,168.6217651367,22.4898967743,0.01761633,9.931673,0.08174479,0.4698586,-10.25971
113115,0,2104,53852,558,200.215713501,31.3665332794,0.01683824,9.695004,0.4990569,0.702749,-9.848205
110066,202370,1598,53033,136,155.9661102295,9.9874620438,0.01632932,9.05979,0.1438004,0.1169347,-9.991846
113116,0,2104,53852,412,198.9463195801,31.8464221954,0.01697578,9.616234,0.7723606,1.061597,-9.590274
114121,241085,2127,53859,12,215.2043609619,25.9588108063,0.01488921,9.77296,0.1235492,0.348496,-10.23076
124022,0,393,51794,383,10.5156745911,0.7189534307,0.01788323,9.013181,0.01982212,0.06354403,-10.21011
113117,230117,2009,53904,127,197.2382354736,28.2805137634,0.01948272,9.366286,0.3012521,1.469668,-9.199067
123012,0,380,51792,590,346.0173339844,0.7806696296,0.01635486,9.265976,0.1472957,0.2590941,-9.852518
108121,0,2277,53705,92,130.252166748,18.9807033539,0.01524661,9.235601,0.1301697,0.1618658,-10.02645
113118,0,2094,53851,323,204.6238098145,30.9868736267,0.01596436,9.118616,0.1483577,0.1873523,-9.845957
112103,0,2232,53827,270,184.1340637207,29.8225746155,0.01298458,9.205132,0.1115039,0.2353608,-9.833399
112104,0,2233,53845,442,186.3338623047,28.3810081482,0.01505315,9.196034,0.3102702,0.5627512,-9.445718
114122,240125,1705,53848,327,212.1476135254,11.9510288239,0.01939964,9.357775,0.2621863,0.5232852,-9.639036
113119,0,2756,54508,580,209.5061950684,19.6857624054,0.01728641,9.902898,0.6720013,0.3784468,-10.32489
108122,0,1185,52642,82,126.2414779663,3.5920336246,0.01387785,9.305467,4.390057,0.0948634,-10.32837
110067,0,1952,53378,121,152.2175140381,32.5384902954,0.01978305,9.048853,0.07902057,0.2830617,-9.596972
124024,219,753,52233,446,5.7379279137,16.2531166077,0.01749597,9.734112,0.2811513,0,NULL
108123,180548,2430,53815,618,133.9706878662,13.5630502701,0.01401317,9.291085,0.1397559,0.5470243,-9.553079
112106,0,516,52017,595,180.9039154053,2.6304657459,0.01928304,9.32598,0.03412401,0.2176366,-9.988248
101028,110202,424,51893,399,19.8873004913,14.8719501495,0.01368817,9.174895,0.7870278,0.5743842,-9.415693
114124,240076,1703,53799,527,211.3800354004,12.4465208054,0.01403904,9.668776,0.5980536,0.6214733,-9.875353
113120,0,531,52028,269,208.8103027344,1.9077550173,0.01476158,9.040638,0.1667286,0.1250775,-9.943459
112107,210992,2655,54184,176,180.1829376221,24.8559799194,0.0155464,9.274121,0.02831197,0.7088572,-9.423563
109114,0,2295,53734,369,146.342376709,23.0713195801,0.0182671,9.11374,0.08230763,2.086539,-8.794313
111078,0,281,51614,628,173.2225341797,0.5679858327,0.01951134,9.014622,0.1815558,0.1452792,-9.852418
113122,0,2770,54510,105,209.6892242432,20.6618747711,0.01613311,9.890594,1.192422,0.5383858,-10.1595
114125,9236,2132,53493,448,216.2358703613,25.0247802734,0.01486924,9.856413,0.2091655,0.9520338,-9.877761
109115,0,2368,53758,323,141.1639099121,17.6632614136,0.01356321,9.342494,0.4874276,0.4330907,-9.705915
110068,200250,1746,53062,391,154.6586151123,13.2265558243,0.01831052,9.632317,0.3311083,0.4899938,-9.942126
113123,0,1808,54176,237,209.6440429688,6.5740704536,0.01733809,9.073612,0.07174639,0.2252025,-9.721039
110069,200241,997,52734,528,154.5637054443,7.0388469696,0.01215169,9.044133,0.3288971,0.6006619,-9.265503
101029,0,396,51816,568,16.8475723267,0.8927118778,0.01848736,9.56051,0.01543441,0.1204844,-10.47958
101030,0,429,51820,125,27.0150184631,12.9346189499,0.01746826,9.098988,0.05184776,0.1394621,-9.954532
113124,0,2104,53852,615,200.7128295898,31.8259334564,0.01782326,9.408229,0.3798132,0.78866,-9.511339
111079,6586,1755,53386,401,174.2579040527,15.5706100464,0.0132499,9.882876,0.3233033,0,NULL
109116,191172,568,52254,390,140.5895996094,4.0612602234,0.01766919,9.560399,0.5296758,0.8708482,-9.620457
114126,8977,2744,54272,149,210.9525146484,15.4023008347,0.01752736,9.94061,0.28725,0.9907948,-9.944626
114127,0,2128,53800,537,214.3911590576,25.1144657135,0.01717068,9.52891,0.1696798,0.4411417,-9.884332
114128,0,2760,54506,379,215.8673248291,18.0286026001,0.0189536,9.153913,0.3344106,0.3169599,-9.652909
124025,102024,753,52233,60,6.402077198,14.1152906418,0.01752605,9.010754,0.6288109,0.5228624,-9.292366
110070,0,2477,54058,352,159.2358856201,23.6148948669,0.01818896,9.031881,0.1898935,0.1193345,-9.955115
114129,732944,2134,53876,211,217.0357666016,26.6827449799,0.01547333,9.225842,0.04400885,0.1219325,-10.13972
113125,0,2028,53818,579,207.3961791992,35.2532577515,0.01726678,9.321402,0.3121045,0.3219724,-9.813583
101031,0,429,51820,128,26.9798603058,12.6919603348,0.01750982,9.168445,0.2442531,0,NULL
108124,4232,2081,53357,548,121.8407974243,17.7519683838,0.01718297,9.605471,0.104095,0.9708307,-9.618327
113126,234304,2242,54153,556,197.0107269287,27.3111362457,0.01959249,9.12149,0.5051148,0.629797,-9.322289
107027,0,891,52584,356,119.5462493896,34.3414344788,0.01980166,9.439022,0.5273271,0.8203202,-9.525039
108125,4257,1265,52705,527,122.5467987061,24.8930530548,0.01392549,9.427691,0.0202843,0.4911481,-9.736479
110071,721999,2348,53757,106,153.4924926758,28.0507221222,0.01571102,9.114738,0.219114,0.2233226,-9.765805
108126,0,1927,53321,489,125.8861083984,21.3380966187,0.01803427,9.679917,2.188972,1.292204,-9.568586
108127,0,1264,52707,521,120.208946228,22.90143013,0.0184592,9.356165,0.1216018,0.3184866,-9.853074
112108,0,517,52024,318,180.8933258057,2.1789464951,0.0193914,9.020529,0.0458448,0.1105435,-9.976995
109118,191236,1196,52733,207,142.7537536621,6.5625667572,0.01814245,9.984833,0.1955915,0.009372897,-12.01296
107028,170340,2264,53682,477,118.5710830688,14.2729988098,0.01530624,9.102471,0.7798123,0.9055274,-9.14557
108129,0,892,52378,11,123.0617675781,35.1570510864,0.01749215,9.471077,0.5753208,0.5659939,-9.718266
108130,0,1926,53317,40,126.587928772,22.8997020721,0.01801139,9.866234,0.386643,0.6197684,-10.074
107029,171860,858,52316,55,117.4835586548,26.0371208191,0.0163058,9.169364,0.123777,0.4009289,-9.566297
101032,0,696,52209,456,20.8723583221,1.2180066109,0.01766607,9.307819,0.01136606,0.07385063,-10.43947
101033,1468,430,51877,638,29.8790416718,13.943769455,0.01525182,9.786661,0.340926,0.5421979,-10.0525
113127,0,2028,53818,380,206.2931365967,35.2190513611,0.01263611,9.801631,0.3732588,1.002573,-9.800515
114130,0,2785,54537,51,213.1245117188,21.5976676941,0.01603314,9.266604,0.1254123,0.5093822,-9.559561
110072,0,2366,53741,181,155.8697052002,21.699010849,0.01339465,9.509477,0.05213148,0.445787,-9.86035
109119,0,568,52254,172,141.5719451904,3.1347746849,0.01386096,9.276632,0.3666402,0.4702601,-9.604294
111081,0,1991,53446,600,179.0967712402,32.0387382507,0.01075696,9.165316,0.1940618,0.2708744,-9.732548
113128,0,2241,54169,541,195.0782318115,27.9370517731,0.01761597,9.686453,0.02208819,0.01451444,-11.52465
111082,6290,1605,53062,296,169.0343780518,11.0486392975,0.01956951,9.235397,0.5179527,0.5767968,-9.474375
124026,0,390,51816,471,5.4408345222,0.5575427413,0.01778472,9.146534,0.07031858,0.1599914,-9.942437
114131,0,1839,53471,328,211.670135498,35.2799377441,0.01406233,9.068064,0.1742569,0.1889798,-9.791648
113129,0,2104,53852,618,200.8339080811,32.0634803772,0.01672368,9.404444,0.2091992,0.4615769,-9.7402
123013,0,384,51821,415,353.2472229004,0.7218925953,0.01733311,9.099771,0.1166622,0.1715206,-9.865454
109120,191362,1235,52734,230,147.865737915,7.2637052536,0.01306903,9.120564,0.05390884,0.2291828,-9.760383
111083,210277,1605,53062,573,170.5746459961,12.7225322723,0.01388683,9.09682,0.09066507,0.2288401,-9.737288
111084,0,278,51900,487,167.493927002,0.181281358,0.01895006,9.161753,0.2926376,0.3955307,-9.564572
111085,0,2504,54179,507,174.0637512207,22.4326534271,0.01188218,9.797927,0.4445597,0.7352946,-9.931465
113130,0,2093,53818,178,198.8584899902,33.1572303772,0.01623989,9.234198,0.1943704,0.1485314,-10.06238
109121,5284,571,52286,464,147.7462615967,4.2732434273,0.01689718,9.669878,0.4258828,0.2190214,-10.32939
111086,0,1755,53386,517,174.8113708496,14.9924259186,0.01427968,9.643174,0.481959,0.9666076,-9.657924
108131,0,2082,53358,213,123.5457382202,18.4392795563,0.01766405,9.075453,0.2966539,0.3060982,-9.589592
108132,180017,2419,54139,411,120.9590835571,10.5485010147,0.01540021,9.270569,0.2439215,0.4603199,-9.607509
109122,190491,1305,52757,146,146.59425354,9.1652297974,0.01994551,9.758535,0.7198137,0.9268674,-9.791518
110073,0,579,52338,98,163.0010681152,3.8358294964,0.01199475,9.053904,0.2545893,NULL,NULL
108133,181122,1932,53350,318,130.7776794434,26.8058834076,0.01720884,9.765596,0.7017785,1.062451,-9.739287
108134,0,1271,52974,430,133.6227264404,32.6355934143,0.01455361,9.097463,0.5350201,0.3285368,-9.580878
102004,0,405,51816,339,32.6381645203,0.7380998731,0.01165467,9.125319,0.204108,0.2644756,-9.702934
107030,0,756,52577,153,117.783493042,34.056388855,0.01585409,9.455061,0.05898615,0.8676825,-9.5167
101034,111930,424,51893,116,21.2275085449,14.2184791565,0.01973011,9.239859,0.2345741,0.3225032,-9.731324
113132,0,2654,54231,16,206.2348175049,20.277261734,0.01825015,9.618812,0.3346109,0.3938289,-10.0235
108135,0,2081,53357,534,121.5052185059,18.0441951752,0.0164805,9.131015,0.02260008,0.08350938,-10.20928
109123,180595,2433,53820,48,135.6726226807,13.1078081131,0.01646783,9.370475,0.7040607,1.032989,-9.35638
108136,0,2419,54139,435,120.2016067505,10.0836029053,0.01367722,9.475818,0.1072779,0.3395106,-9.944964
112109,7806,521,52326,243,189.6496734619,1.4022846222,0.01735859,9.918849,0.3139208,1.117588,-9.870567
109124,0,473,51929,597,140.8051300049,2.0601930618,0.0172364,9.16507,0.08654463,0.1182892,-10.09212
113133,0,855,52375,411,207.9093933105,5.5596809387,0.01878274,9.316916,0.2249521,0.3920254,-9.723601
124027,533,420,51871,183,13.1163196564,14.5182876587,0.01824617,9.780994,0.1411757,0.7726135,-9.893032
111087,0,2511,53882,242,175.8525238037,21.6506767273,0.01170295,9.315574,0.2525806,0.2792308,-9.869611
101035,0,399,51817,477,20.9781513214,0.2822908461,0.01830711,9.648148,1.024802,1.069116,-9.619123
111088,0,1991,53446,539,178.5740356445,32.8609962463,0.01063904,9.310841,0.2202268,0.4057535,-9.702579
110074,0,2477,54058,8,161.3622131348,21.814956665,0.01934342,9.653739,0.2216614,0.5055713,-9.949957
109125,0,473,51929,565,140.8056640625,2.6013388634,0.01673774,9.424822,0.3319022,0.6354559,-9.621737
111090,210768,1225,52760,585,176.5514526367,10.5955343247,0.01023465,9.087952,0.1544543,0.6825981,-9.253787
111091,6883,2223,53793,44,178.7439117432,26.2025089264,0.01716195,9.700876,0.1127276,0.6010049,-9.921998
111092,0,2508,53875,426,175.0720672607,17.8014125824,0.01194784,9.188723,0.04408391,0.3237859,-9.678465
110075,5687,998,52750,27,157.3145446777,6.1281285286,0.01188369,9.791711,0.0202843,0.7946157,-9.891554
110076,722161,2350,53765,70,155.9592437744,26.2173461914,0.01659204,9.017413,0.1068637,0.09018806,-10.06226
112110,225365,845,52381,293,187.2722625732,3.881975174,0.01406451,9.010995,0.1095292,0.08703441,-10.0713
113134,8796,855,52375,559,208.2902069092,4.9609465599,0.01696883,9.161037,0.2073672,0.2104416,-9.837906
108137,0,2282,53683,243,133.6950531006,20.7130012512,0.01281276,9.003039,0.1769579,0.2120108,-9.676682
111093,0,2497,54154,107,171.9131164551,23.7579364777,0.01972606,9.277242,1.077606,1.010255,-9.272811
108139,4361,1926,53317,68,125.4761123657,22.6413211823,0.01248417,9.03045,0.2204551,0.602874,-9.250223
108140,721315,1588,52965,307,129.9235839844,27.7256317139,0.01854932,9.014456,0.1196107,0.1680654,-9.788978
109126,721497,2294,54524,501,143.7461395264,25.8256778717,0.01317043,9.144584,0.246604,0.1601283,-9.940116
108141,180269,1926,53317,31,126.5807113647,22.8766651154,0.01766365,9.480806,0.3365891,0.3165298,-9.980392
109127,190713,2578,54093,9,143.0032958984,12.2618074417,0.01970097,9.088217,0.05363028,0.1620393,-9.878596
114132,243862,1807,54175,26,210.9653015137,8.7058382034,0.01983449,9.096018,0.05903915,0.09275516,-10.12868
111094,0,2508,53875,98,176.2253417969,16.6028575897,0.01165025,9.133779,0.01851101,-0.0008513473,NULL
111095,6872,1991,53446,450,178.4627990723,33.3649101257,0.01070824,9.423179,0.4727811,0.6468979,-9.612343
111096,0,282,51630,627,174.8736724854,0.1165525913,0.01966744,9.154864,0.3278764,0.2725432,-9.719429
111097,0,2511,53882,66,177.8110046387,21.0018367767,0.01125805,9.450205,0.2600459,0.4034823,-9.84438
112111,0,1975,53734,222,190.7092285156,31.8902359009,0.01474796,9.437765,0.09441698,0.2834287,-9.985321
110077,0,2366,53741,588,156.8343048096,22.2401046753,0.01970486,9.174606,0.01192093,0.3933837,-9.57979
113135,0,2109,53468,22,205.3699035645,32.1925735474,0.01557532,9.017913,0.1651354,0.1851622,-9.75036
110078,0,2480,53851,499,161.3434448242,16.3297290802,0.01932164,9.645808,0.9030672,0,NULL
111098,0,2099,53469,259,178.8527679443,33.1261062622,0.01053165,9.603262,0.2942186,0.763045,-9.720712
112112,0,2612,54480,385,186.4172668457,20.5284690857,0.01828936,9.915092,0.1131723,0.7365239,-10.04791
108142,0,2082,53358,509,124.816078186,19.3132419586,0.01897997,9.61446,0.7508965,1.320482,-9.493728
113136,8713,2028,53818,96,206.7551269531,33.8935966492,0.01654062,9.779905,0.5414148,1.355708,-9.647739
113137,8193,2009,53857,349,196.5348052979,30.2092704773,0.01615136,9.150904,0.1294971,0.1994105,-9.851155
110079,0,274,51913,509,160.4724731445,0.7931804061,0.01879655,9.577308,0.948113,1.765923,-9.330336
113138,0,2651,54507,470,198.4220275879,22.6256504059,0.01079317,9.292371,0.1042702,0.1805146,-10.03586
114133,0,1841,53491,267,217.1036529541,32.3946113586,0.01380677,9.647865,0.6057314,1.072006,-9.617668
108143,0,2265,53674,521,120.1585769653,13.6563930512,0.01581326,9.130606,0.2006273,0.2286807,-9.771377
109129,0,2433,53820,28,135.3770446777,12.6621246338,0.019322,9.229953,0.2644418,0.1659794,-10.0099
111099,0,2512,53877,328,177.9686431885,18.5464363098,0.01990632,9.826488,0.3841139,0.6430454,-10.01825
108144,0,2081,53357,520,121.5796813965,17.5947723389,0.0163688,9.528764,0.02520287,0.003114427,-12.03539
109130,0,1936,53330,25,138.9967651367,29.1518306732,0.01360815,9.207659,0.03508408,0.01392267,-11.06394
108145,0,2419,54139,227,120.5272903442,9.3773174286,0.01377166,9.15914,0.08614896,NULL,NULL
113139,0,2112,53534,18,202.027923584,31.9318351746,0.01574186,9.022448,0.1770558,0.209028,-9.702243
101037,1159,401,51788,346,24.4047183991,0.0401744209,0.01640047,9.313121,0.3780681,0.8712141,-9.372996
113140,0,2023,53851,548,200.480255127,35.359500885,0.01946824,9.587422,0.7962695,0.9782147,-9.596988
114134,9303,1841,53491,434,217.2827758789,32.9101791382,0.01428759,9.184009,0.1931213,0.3180554,-9.681506
114135,0,2758,54523,233,212.5156555176,17.5515117645,0.01857182,9.179137,0.3420819,0.4549723,-9.521152
114136,9266,2133,53917,239,216.8705749512,29.9519500732,0.01456212,9.244413,0.4980582,0.5986846,-9.467216
114137,249094,1703,53799,227,210.5005340576,10.8305988312,0.01314154,9.07146,0.257834,0.186198,-9.801485
113141,230146,1796,53884,55,197.8819732666,8.7432041168,0.0133279,9.536124,0.5667742,0.5220947,-9.818375
114138,240334,2131,53819,136,216.4142150879,25.3783473969,0.0166466,9.284009,0.7524369,0.8452536,-9.357022
113142,0,2028,53818,109,207.4984436035,34.1785202026,0.0149217,9.011168,0.3284279,0.2106086,-9.687693
112113,220320,1230,52672,490,184.5609741211,10.3539524078,0.01983334,9.26773,0.1145962,0.2580108,-9.856091
113143,0,2011,53499,8,196.3869018555,29.0116043091,0.01750079,9.609653,0.1571557,0.2976549,-10.13594
108146,0,1927,53321,268,124.9117202759,21.0647277832,0.01410467,9.048356,0.05117644,0.07579255,-10.16873
109132,0,1307,52999,436,149.7482757568,10.3788919449,0.01843598,9.020963,0.02841843,0.105276,-9.998633
112114,0,2646,54479,83,186.6923675537,21.2629451752,0.01917638,9.0488,0.1002906,0.1284444,-9.940084
114139,9002,1703,53799,521,211.2238311768,12.7216930389,0.01367236,9.124371,0.4287559,1.531525,-8.939246
114140,248948,2747,54233,216,217.2947998047,13.9809560776,0.01729729,9.05492,0.1283306,0.1051214,-10.03323
122006,0,379,51789,449,343.2439880371,1.1425925493,0.01644947,9.500008,0.1573005,0.7377442,-9.632102
109133,4978,568,52254,343,140.5258789062,3.8972666264,0.01377795,9.186657,0.1045153,0.5321784,-9.4606
113144,231122,1808,54176,426,209.4842529297,7.4335832596,0.0146488,9.167877,0.266514,0.2661754,-9.742709
109134,0,2576,54086,76,138.3070831299,11.771323204,0.01673694,9.430802,0.2822215,0.337264,-9.902832
114141,0,2121,54180,184,210.1818847656,31.8941726685,0.01463546,9.451613,1.257275,1.092615,-9.413146
107031,0,1921,53317,152,118.6123428345,16.2149238586,0.01587998,9.301825,0.07489453,0.2455455,-9.911693
112115,0,516,52017,35,181.12449646,2.4485185146,0.01999686,9.107437,0.06754296,0.1913522,-9.825603
109135,191821,1307,52999,237,149.6273193359,10.1829967499,0.01737146,9.126222,0.1424755,0.1213563,-10.04216
108147,0,1206,52670,401,123.8475189209,28.7353496552,0.0197367,9.636974,0.5814068,1.182541,-9.564158
124028,43,751,52251,236,1.509975791,14.4174642563,0.01759434,9.11027,0.1751137,0.2096722,-9.788729
114142,240384,2134,53876,213,217.041809082,26.9357872009,0.01473831,9.208879,0.2098022,0.2677963,-9.781075
114143,9238,1644,53144,155,216.2072143555,35.2849235535,0.01116691,9.08064,0.01433508,0.1593317,-9.878338
108148,4542,1930,53347,69,130.7195129395,25.0704135895,0.0172569,9.49496,0.03034031,0.4245109,-9.867071
114144,241086,2135,53827,384,217.1490325928,25.7088813782,0.01355625,9.860129,0.01173654,0.173197,-10.62159
113146,0,2110,53467,587,203.562286377,31.424987793,0.01665907,9.000795,0.3069729,0.7537801,-9.12355
112116,0,2241,54169,236,194.0254211426,27.6781082153,0.01648326,9.118738,0.7685287,0.9022528,-9.16341
113147,0,2009,53904,562,198.3387451172,30.3198928833,0.01619835,9.264454,0.04633403,0.2703045,-9.832601
110080,0,574,52355,5,154.6554718018,3.2636070251,0.01443813,9.198826,0.2877001,0.2718438,-9.764506
109136,0,1937,53388,328,138.452911377,29.1731243134,0.01392095,9.458508,0.8017521,0.8744544,-9.51677
113149,0,2104,53852,440,199.1749725342,31.367307663,0.01917786,9.191751,0.423604,0.4953173,-9.496868
109137,191279,993,52710,386,144.8722229004,6.2292518616,0.01668344,9.443598,0.275899,0.4075659,-9.8334
114145,0,2787,54552,386,216.0567626953,22.7960186005,0.0181924,9.195578,0.3352047,0.3536755,-9.646973
111100,211115,1755,53386,451,174.3780517578,15.4863443375,0.0157425,9.038978,0.4367673,0.4027996,-9.433888
112117,220201,1229,52723,606,183.1438446045,11.0750751495,0.01510369,9.087307,0.1995446,0.4153375,-9.468905
113150,8896,1808,54176,423,209.6609191895,7.2165174484,0.01462325,9.927597,0.672574,1.441406,-9.768811
113151,0,525,52295,301,196.8288269043,2.0034849644,0.01940175,9.560016,0.782997,1.001482,-9.559372
111101,6288,1222,52763,437,169.0171966553,10.1625442505,0.01971025,9.624394,0.1635084,0.3614531,-10.06634
109138,0,1946,53432,503,147.5167541504,31.7450199127,0.01660439,9.867891,0.03903103,0.2771958,-10.42511
109139,4900,1194,52703,585,139.165802002,7.2663769722,0.01875499,9.591507,0.2992334,1.666766,-9.369633
110081,202112,580,52368,475,164.5708618164,4.7922511101,0.01445069,9.518223,0.05885862,0.1919042,-10.23514
110082,202057,995,52731,14,151.1986083984,5.3685970306,0.01366159,9.055403,0.1698283,0.1975322,-9.759765
108149,0,2275,53709,104,129.1182250977,18.3608207703,0.01336376,9.277221,0.1910338,0.34511,-9.739264
108150,188994,2570,54081,289,120.6998214722,7.4316158295,0.01587113,9.001083,0.2254292,0.4255781,-9.372104
108151,180950,1756,53080,443,122.6835708618,7.4728403091,0.01509105,9.634016,0.9918365,0.7528304,-9.757318
114146,9239,1708,53503,454,216.3039550781,13.7437963486,0.01849148,9.606642,0.0202843,2.091626E-006,-15.28616
